date,total_cases,new_cases,total_cases_per_million,new_cases_per_million,stringency_index,total_deaths,new_deaths,total_deaths_per_million,new_deaths_per_million,population_millions,refugees_total
3/3/2020,1,1,0.023,0.023,11.11,,,,,43.47826087,0
3/4/2020,1,0,0.023,0,11.11,,,,,43.47826087,0
3/5/2020,1,0,0.023,0,11.11,,,,,43.47826087,0
3/6/2020,1,0,0.023,0,11.11,,,,,43.47826087,0
3/7/2020,1,0,0.023,0,11.11,,,,,43.47826087,0
3/8/2020,1,0,0.023,0,11.11,,,,,43.47826087,0
3/9/2020,1,0,0.023,0,11.11,,,,,43.47826087,0
3/10/2020,1,0,0.023,0,11.11,,,,,43.47826087,0
3/11/2020,1,0,0.023,0,11.11,,,,,43.47826087,0
3/12/2020,1,0,0.023,0,50,,,,,43.47826087,0
3/13/2020,3,2,0.069,0.046,50,1,1,0.023,0.023,43.47826087,0
3/14/2020,3,0,0.069,0,50,1,0,0.023,0,43.47826087,0
3/15/2020,3,0,0.069,0,50,1,0,0.023,0,43.47826087,0
3/16/2020,7,4,0.161,0.092,64.81,1,0,0.023,0,43.47826087,0
3/17/2020,14,7,0.322,0.161,77.78,2,1,0.046,0.023,43.47826087,0
3/18/2020,14,0,0.322,0,88.89,2,0,0.046,0,43.47826087,0
3/19/2020,16,2,0.368,0.046,88.89,2,0,0.046,0,43.47826087,0
3/20/2020,29,13,0.667,0.299,88.89,3,1,0.069,0.023,43.47826087,0
3/21/2020,47,18,1.081,0.414,88.89,3,0,0.069,0,43.47826087,0
3/22/2020,73,26,1.679,0.598,88.89,3,0,0.069,0,43.47826087,0
3/23/2020,73,0,1.679,0,88.89,3,0,0.069,0,43.47826087,0
3/24/2020,97,24,2.232,0.552,88.89,3,0,0.069,0,43.45878136,0
3/25/2020,145,48,3.336,1.104,88.89,5,2,0.115,0.046,43.46522782,0
3/26/2020,196,51,4.509,1.173,88.89,5,0,0.115,0,43.46861832,0
3/27/2020,310,114,7.132,2.623,88.89,5,0,0.115,0,43.46606842,0
3/28/2020,356,46,8.19,1.058,88.89,9,4,0.207,0.092,43.46764347,0
3/29/2020,475,119,10.928,2.738,88.89,10,1,0.23,0.023,43.46632504,0
3/30/2020,548,73,12.607,1.679,88.89,13,3,0.299,0.069,43.46791465,0
3/31/2020,645,97,14.839,2.232,88.89,17,4,0.391,0.092,43.46654087,0
4/1/2020,794,149,18.267,3.428,88.89,20,3,0.46,0.069,43.4663601,0
4/2/2020,897,103,20.636,2.37,88.89,22,2,0.506,0.046,43.4677263,0
4/3/2020,1072,175,24.662,4.026,88.89,27,5,0.621,0.115,43.46768308,0
4/4/2020,1225,153,28.182,3.52,88.89,32,5,0.736,0.115,43.4674615,0
4/5/2020,1308,83,30.092,1.91,88.89,37,5,0.851,0.115,43.46670211,0
4/6/2020,1319,11,30.345,0.253,88.89,38,1,0.874,0.023,43.46679848,0
4/7/2020,1462,143,33.635,3.29,88.89,45,7,1.035,0.161,43.46662703,0
4/8/2020,1668,206,38.374,4.739,88.89,52,7,1.196,0.161,43.46693073,0
4/9/2020,1892,224,43.527,5.153,88.89,57,5,1.311,0.115,43.46727319,0
4/10/2020,2203,311,50.682,7.155,88.89,69,12,1.587,0.276,43.46710864,0
4/11/2020,2511,308,57.768,7.086,88.89,73,4,1.679,0.092,43.46697133,0
4/12/2020,2777,266,63.888,6.12,88.89,83,10,1.91,0.23,43.46669171,0
4/13/2020,3102,325,71.365,7.477,88.89,93,10,2.14,0.23,43.46668535,0
4/14/2020,3372,270,77.576,6.212,88.89,98,5,2.255,0.115,43.46705167,0
4/15/2020,3764,392,86.595,9.018,88.89,108,10,2.485,0.23,43.46671286,0
4/16/2020,4161,397,95.728,9.133,88.89,116,8,2.669,0.184,43.46690623,0
4/17/2020,4662,501,107.254,11.526,88.89,125,9,2.876,0.207,43.46691033,0
4/18/2020,5106,444,117.469,10.215,88.89,133,8,3.06,0.184,43.46678698,0
4/19/2020,5449,343,125.36,7.891,88.89,141,8,3.244,0.184,43.46681557,0
4/20/2020,5710,261,131.365,6.005,88.89,151,10,3.474,0.23,43.46667682,0
4/21/2020,6125,415,140.912,9.548,88.89,161,10,3.704,0.23,43.46684456,0
4/22/2020,6592,467,151.656,10.744,88.89,174,13,4.003,0.299,43.46679327,0
4/23/2020,7170,578,164.953,13.297,88.89,187,13,4.302,0.299,43.46692694,0
4/24/2020,7647,477,175.927,10.974,88.89,201,14,4.624,0.322,43.46689252,0
4/25/2020,8125,478,186.924,10.997,88.89,201,0,4.624,0,43.46686354,0
4/26/2020,8617,492,198.243,11.319,88.89,209,8,4.808,0.184,43.46685633,0
4/27/2020,9009,392,207.262,9.018,88.89,220,11,5.061,0.253,43.46672328,0
4/28/2020,9410,401,216.487,9.225,88.89,239,19,5.498,0.437,43.46681325,0
4/29/2020,9866,456,226.978,10.491,88.89,250,11,5.752,0.253,43.4667677,0
4/30/2020,10406,540,239.401,12.423,88.89,261,11,6.005,0.253,43.46681927,0
5/1/2020,10861,455,249.869,10.468,88.89,272,11,6.258,0.253,43.46677659,0
5/2/2020,11411,550,262.522,12.653,88.89,279,7,6.419,0.161,43.46683326,0
5/3/2020,11913,502,274.071,11.549,88.89,288,9,6.626,0.207,43.46683888,0
5/4/2020,12331,418,283.688,9.617,88.89,303,15,6.971,0.345,43.46676631,0
5/5/2020,12697,366,292.108,8.42,88.89,316,13,7.27,0.299,43.46679995,0
5/6/2020,13184,487,303.312,11.204,88.89,327,11,7.523,0.253,43.46679327,0
5/7/2020,13691,507,314.976,11.664,88.89,340,13,7.822,0.299,43.46680382,0
5/8/2020,14195,504,326.571,11.595,88.89,361,21,8.305,0.483,43.4668112,0
5/9/2020,14710,515,338.419,11.848,88.89,376,15,8.65,0.345,43.46682663,0
5/10/2020,15232,522,350.428,12.009,88.89,391,15,8.995,0.345,43.46684626,0
5/11/2020,15648,416,359.999,9.571,88.89,408,17,9.386,0.391,43.46678741,0
5/12/2020,16023,375,368.626,8.627,88.89,425,17,9.778,0.391,43.46682003,0
5/13/2020,16425,402,377.874,9.248,88.89,439,14,10.1,0.322,43.46686991,0
5/14/2020,16847,422,387.583,9.709,88.89,456,17,10.491,0.391,43.46681872,0
5/15/2020,17330,483,398.695,11.112,88.89,476,20,10.951,0.46,43.46681047,0
5/16/2020,17858,528,410.842,12.147,88.89,497,21,11.434,0.483,43.46683153,0
5/17/2020,18291,433,420.804,9.962,88.89,514,17,11.825,0.391,43.46679214,0
5/18/2020,18616,325,428.281,7.477,88.89,535,21,12.308,0.483,43.46678933,0
5/19/2020,18876,260,434.262,5.982,88.89,548,13,12.607,0.299,43.4668472,0
5/20/2020,19230,354,442.406,8.144,88.89,564,16,12.975,0.368,43.46686076,0
5/21/2020,19706,476,453.357,10.951,88.89,579,15,13.321,0.345,43.46684842,0
5/22/2020,20148,442,463.526,10.169,83.33,588,9,13.528,0.207,43.4668174,0
5/23/2020,20580,432,473.465,9.939,83.33,605,17,13.919,0.391,43.46678213,0
5/24/2020,20986,406,482.805,9.34,83.33,617,12,14.195,0.276,43.46682408,0
5/25/2020,21245,259,488.764,5.959,83.33,623,6,14.333,0.138,43.46678561,0
5/26/2020,21584,339,496.563,7.799,83.33,644,21,14.816,0.483,43.46679072,0
5/27/2020,21905,321,503.948,7.385,83.33,658,14,15.138,0.322,43.46678626,0
5/28/2020,22382,477,514.921,10.974,83.33,669,11,15.391,0.253,43.46686191,0
5/29/2020,22811,429,524.791,9.87,83.33,679,10,15.621,0.23,43.46682775,0
5/30/2020,23204,393,533.832,9.041,83.33,696,17,16.012,0.391,43.46685849,0
5/31/2020,23672,468,544.599,10.767,83.33,708,12,16.288,0.276,43.46684441,0
6/1/2020,24562,890,565.075,20.475,76.39,724,16,16.656,0.368,43.46679644,0
6/2/2020,24895,333,572.736,7.661,76.39,733,9,16.863,0.207,43.46679797,0
6/3/2020,25385,490,584.009,11.273,76.39,742,9,17.07,0.207,43.46679589,0
6/4/2020,25981,596,597.72,13.712,76.39,755,13,17.37,0.299,43.46684066,0
6/5/2020,26542,561,610.627,12.906,76.39,770,15,17.715,0.345,43.46679724,0
6/6/2020,27101,559,623.487,12.86,76.39,785,15,18.06,0.345,43.46682449,0
6/7/2020,27599,498,634.944,11.457,76.39,796,11,18.313,0.253,43.46682542,0
6/8/2020,28077,478,645.941,10.997,76.39,805,9,18.52,0.207,43.46681818,0
6/9/2020,28479,402,655.189,9.248,76.39,818,13,18.819,0.299,43.46684697,0
6/10/2020,29015,536,667.521,12.331,76.39,841,23,19.348,0.529,43.4667973,0
6/11/2020,29706,691,683.418,15.897,76.39,864,23,19.877,0.529,43.46680948,0
6/12/2020,30415,709,699.729,16.311,76.39,880,16,20.245,0.368,43.46682787,0
6/13/2020,31177,762,717.26,17.531,76.39,890,10,20.475,0.23,43.46680423,0
6/14/2020,31851,674,732.766,15.506,76.39,899,9,20.682,0.207,43.46680932,0
6/15/2020,32536,685,748.525,15.759,68.06,911,12,20.959,0.276,43.46681808,0
6/16/2020,33209,673,764.008,15.483,68.06,922,11,21.212,0.253,43.46682234,0
6/17/2020,33986,777,781.884,17.876,68.06,953,31,21.925,0.713,43.46680582,0
6/18/2020,34833,847,801.37,19.486,68.06,976,23,22.454,0.529,43.46681308,0
6/19/2020,35755,922,822.581,21.212,68.06,995,19,22.891,0.437,43.46684399,0
6/20/2020,36615,860,842.367,19.785,68.06,1004,9,23.098,0.207,43.46680247,0
6/21/2020,37361,746,859.529,17.163,68.06,1012,8,23.282,0.184,43.46682893,0
6/22/2020,38056,695,875.518,15.989,41.67,1022,10,23.512,0.23,43.46683906,0
6/23/2020,38901,845,894.958,19.44,41.67,1045,23,24.041,0.529,43.46684425,0
6/24/2020,39852,951,916.837,21.879,41.67,1061,16,24.409,0.368,43.46683216,0
6/25/2020,40854,1002,939.889,23.052,41.67,1078,17,24.801,0.391,43.46683491,0
6/26/2020,41975,1121,965.679,25.79,41.67,1097,19,25.238,0.437,43.4668249,0
6/27/2020,42932,957,987.696,22.017,41.67,1121,24,25.79,0.552,43.4668157,0
6/28/2020,43856,924,1008.953,21.258,41.67,1142,21,26.273,0.483,43.46684137,0
6/29/2020,44538,682,1024.644,15.69,41.67,1161,19,26.71,0.437,43.46680408,0
6/30/2020,45254,716,1041.116,16.472,41.67,1173,12,26.986,0.276,43.4668183,0
7/1/2020,45924,670,1056.53,15.414,41.67,1188,15,27.331,0.345,43.46682063,0
7/2/2020,46821,897,1077.166,20.636,41.67,1200,12,27.607,0.276,43.46683798,0
7/3/2020,47705,884,1097.504,20.337,41.67,1227,27,28.228,0.621,43.46681197,0
7/4/2020,48628,923,1118.738,21.235,41.67,1243,16,28.597,0.368,43.46683495,0
7/5/2020,49468,840,1138.063,19.325,41.67,1265,22,29.103,0.506,43.46683795,0
7/6/2020,50053,585,1151.522,13.459,41.67,1278,13,29.402,0.299,43.46682043,0
7/7/2020,50622,569,1164.612,13.09,41.67,1299,21,29.885,0.483,43.46683702,0
7/8/2020,51457,835,1183.822,19.21,41.67,1323,24,30.437,0.552,43.46683876,0
7/9/2020,52285,828,1202.871,19.049,41.67,1344,21,30.92,0.483,43.46683892,0
7/10/2020,53116,831,1221.989,19.118,41.67,1362,18,31.334,0.414,43.46683972,0
7/11/2020,53941,825,1240.969,18.98,41.67,1389,27,31.955,0.621,43.46683922,0
7/12/2020,54647,706,1257.212,16.242,41.67,1400,11,32.208,0.253,43.46681387,0
7/13/2020,55285,638,1271.89,14.678,41.67,1415,15,32.554,0.345,43.46680924,0
7/14/2020,55931,646,1286.752,14.862,41.67,1429,14,32.876,0.322,43.46680635,0
7/15/2020,56779,848,1306.261,19.509,41.67,1444,15,33.221,0.345,43.466811,0
7/16/2020,57640,861,1326.069,19.808,41.67,1462,18,33.635,0.414,43.46681809,0
7/17/2020,58466,826,1345.072,19.003,41.67,1473,11,33.888,0.253,43.46681813,0
7/18/2020,59333,867,1365.018,19.946,41.67,1496,23,34.417,0.529,43.46682608,0
7/19/2020,60077,744,1382.135,17.117,41.67,1504,8,34.601,0.184,43.46681041,0
7/20/2020,60767,690,1398.009,15.874,41.67,1517,13,34.9,0.299,43.46681602,0
7/21/2020,61454,687,1413.814,15.805,41.67,1537,20,35.36,0.46,43.46682095,0
7/22/2020,62295,841,1433.162,19.348,41.67,1553,16,35.728,0.368,43.46682371,0
7/23/2020,63169,874,1453.269,20.107,41.67,1570,17,36.12,0.391,43.46683236,0
7/24/2020,64173,1004,1476.367,23.098,41.67,1591,21,36.603,0.483,43.46683447,0
7/25/2020,65317,1144,1502.686,26.319,41.67,1610,19,37.04,0.437,43.46683206,0
7/26/2020,66261,944,1524.404,21.718,41.67,1625,15,37.385,0.345,43.46682376,0
7/27/2020,67096,835,1543.614,19.21,41.67,1636,11,37.638,0.253,43.46682526,0
7/28/2020,68030,934,1565.102,21.488,41.67,1650,14,37.96,0.322,43.46681558,0
7/29/2020,69078,1048,1589.212,24.11,41.67,1673,23,38.489,0.529,43.46682507,0
7/30/2020,70300,1222,1617.326,28.113,41.67,1697,24,39.041,0.552,43.46680879,0
7/31/2020,71404,1104,1642.724,25.399,41.67,1717,20,39.501,0.46,43.46682705,0
8/1/2020,72609,1205,1670.446,27.722,48.61,1733,16,39.869,0.368,43.46683461,0
8/2/2020,73761,1152,1696.949,26.503,48.61,1749,16,40.238,0.368,43.46683371,0
8/3/2020,74781,1020,1720.416,23.466,57.87,1762,13,40.537,0.299,43.46681268,0
8/4/2020,75880,1099,1745.699,25.284,57.87,1788,26,41.135,0.598,43.46682905,0
8/5/2020,77169,1289,1775.354,29.655,57.87,1813,25,41.71,0.575,43.46682408,0
8/6/2020,78515,1346,1806.32,30.966,57.87,1846,33,42.469,0.759,43.46682758,0
8/7/2020,80018,1503,1840.898,34.578,57.87,1879,33,43.228,0.759,43.46682978,0
8/8/2020,81534,1516,1875.776,34.877,57.87,1906,27,43.85,0.621,43.46681054,0
8/9/2020,82767,1233,1904.142,28.366,57.87,1925,19,44.287,0.437,43.46682128,0
8/10/2020,83812,1045,1928.183,24.041,57.87,1950,25,44.862,0.575,43.46682862,0
8/11/2020,85023,1211,1956.044,27.86,57.87,1979,29,45.529,0.667,43.46681363,0
8/12/2020,86504,1481,1990.116,34.072,57.87,1999,20,45.989,0.46,43.46681299,0
8/13/2020,88136,1632,2027.661,37.546,57.87,2023,24,46.541,0.552,43.46683198,0
8/14/2020,89917,1781,2068.635,40.974,57.87,2042,19,46.978,0.437,43.46682716,0
8/15/2020,91795,1878,2111.841,43.205,57.87,2076,34,47.761,0.782,43.46681403,0
8/16/2020,93490,1695,2150.836,38.995,57.87,2100,24,48.313,0.552,43.46681941,0
8/17/2020,95007,1517,2185.736,34.9,57.87,2122,22,48.819,0.506,43.46682307,0
8/18/2020,96653,1646,2223.604,37.868,57.87,2152,30,49.509,0.69,43.46682233,0
8/19/2020,98658,2005,2269.731,46.127,57.87,2182,30,50.199,0.69,43.46682492,0
8/20/2020,100810,2152,2319.24,49.509,57.87,2225,43,51.188,0.989,43.46682534,0
8/21/2020,102948,2138,2368.427,49.187,57.87,2248,23,51.718,0.529,43.46682418,0
8/22/2020,105337,2389,2423.389,54.961,57.87,2286,38,52.592,0.874,43.46681445,0
8/23/2020,107379,2042,2470.367,46.978,57.87,2313,27,53.213,0.621,43.46682092,0
8/24/2020,109234,1855,2513.043,42.676,57.87,2335,22,53.719,0.506,43.46682488,0
8/25/2020,110949,1715,2552.499,39.455,57.87,2362,27,54.34,0.621,43.46681429,0
8/26/2020,112653,1704,2591.701,39.202,57.87,2399,37,55.192,0.851,43.46681967,0
8/27/2020,114663,2010,2637.943,46.242,57.87,2449,50,56.342,1.15,43.46682244,0
8/28/2020,117172,2509,2695.665,57.722,66.2,2499,50,57.492,1.15,43.46682544,0
8/29/2020,119751,2579,2754.998,59.333,66.2,2540,41,58.435,0.943,43.46681921,0
8/30/2020,121930,2179,2805.128,50.13,66.2,2575,35,59.241,0.805,43.46682219,0
8/31/2020,124132,2202,2855.787,50.659,66.2,2605,30,59.931,0.69,43.46682718,0
9/1/2020,126279,2147,2905.181,49.394,64.35,2654,49,61.058,1.127,43.46682702,0
9/2/2020,128833,2554,2963.939,58.757,64.35,2705,51,62.231,1.173,43.46681899,0
9/3/2020,131300,2467,3020.695,56.756,64.35,2759,54,63.474,1.242,43.46681807,0
9/4/2020,134069,2769,3084.398,63.704,64.35,2812,53,64.693,1.219,43.46682886,0
9/5/2020,136966,2897,3151.047,66.649,64.35,2863,51,65.866,1.173,43.4668223,0
9/6/2020,139171,2205,3201.775,50.728,64.35,2898,35,66.672,0.805,43.46682699,0
9/7/2020,141424,2253,3253.608,51.833,64.35,2930,32,67.408,0.736,43.46682206,0
9/8/2020,143914,2490,3310.893,57.285,64.35,2988,58,68.742,1.334,43.466823,0
9/9/2020,146511,2597,3370.64,59.747,64.35,3034,46,69.8,1.058,43.46681936,0
9/10/2020,149146,2635,3431.261,60.621,64.35,3079,45,70.836,1.035,43.46681876,0
9/11/2020,152373,3227,3505.501,74.241,64.35,3132,53,72.055,1.219,43.46682543,0
9/12/2020,155558,3185,3578.776,73.274,64.35,3206,74,73.757,1.702,43.46681659,0
9/13/2020,158122,2564,3637.763,58.988,64.35,3239,33,74.517,0.759,43.46682288,0
9/14/2020,160679,2557,3696.59,58.826,64.35,3273,34,75.299,0.782,43.46681671,0
9/15/2020,163678,2999,3765.585,68.995,64.35,3326,53,76.518,1.219,43.46681857,0
9/16/2020,166694,3016,3834.971,69.386,64.35,3404,78,78.313,1.794,43.46682152,0
9/17/2020,170373,3679,3919.61,84.639,64.35,3465,61,79.716,1.403,43.46682451,0
9/18/2020,173703,3330,3996.22,76.61,64.35,3535,70,81.326,1.61,43.46682615,0
9/19/2020,177048,3345,4073.176,76.955,64.35,3585,50,82.477,1.15,43.46681803,0
9/20/2020,180119,3071,4143.827,70.652,64.35,3626,41,83.42,0.943,43.46682427,0
9/21/2020,182900,2781,4207.807,63.98,64.35,3652,26,84.018,0.598,43.4668225,0
9/22/2020,185890,2990,4276.595,68.788,64.35,3716,64,85.49,1.472,43.46682349,0
9/23/2020,189488,3598,4359.371,82.776,64.35,3784,68,87.055,1.564,43.46682125,0
9/24/2020,192966,3478,4439.386,80.015,64.35,3838,54,88.297,1.242,43.46682176,0
9/25/2020,196631,3665,4523.703,84.317,64.35,3910,72,89.954,1.656,43.46682353,0
9/26/2020,200566,3935,4614.232,90.529,64.35,3988,78,91.748,1.794,43.46682178,0
9/27/2020,203799,3233,4688.611,74.379,64.35,4044,56,93.036,1.288,43.46681778,0
9/28/2020,206579,2780,4752.567,63.957,64.35,4082,38,93.911,0.874,43.4668254,0
9/29/2020,210309,3730,4838.38,85.813,58.8,4154,72,95.567,1.656,43.46682154,0
9/30/2020,214446,4137,4933.556,95.176,58.8,4221,67,97.109,1.541,43.4668219,0
10/1/2020,218625,4179,5029.698,96.142,58.8,4288,67,98.65,1.541,43.46682445,0
10/2/2020,223376,4751,5139,109.302,58.8,4357,69,100.237,1.587,43.46682234,0
10/3/2020,228161,4785,5249.084,110.084,58.8,4451,94,102.4,2.163,43.46682202,0
10/4/2020,232424,4263,5347.159,98.075,58.8,4495,44,103.412,1.012,43.46682042,0
10/5/2020,236329,3905,5436.997,89.839,58.8,4530,35,104.217,0.805,43.46682553,0
10/6/2020,240811,4482,5540.111,103.113,58.8,4624,94,106.38,2.163,43.46681863,0
10/7/2020,245698,4887,5652.541,112.431,58.8,4707,83,108.289,1.91,43.46682315,0
10/8/2020,251243,5545,5780.11,127.569,58.8,4807,100,110.59,2.301,43.46681984,0
10/9/2020,257204,5961,5917.249,137.139,58.8,4899,92,112.707,2.117,43.46682048,0
10/10/2020,263105,5901,6053.008,135.759,58.8,5010,111,115.26,2.554,43.46681848,0
10/11/2020,268065,4960,6167.118,114.11,58.8,5098,88,117.285,2.025,43.4668187,0
10/12/2020,272671,4606,6273.083,105.966,58.8,5143,45,118.32,1.035,43.46682485,0
10/13/2020,277982,5311,6395.269,122.185,58.8,5254,111,120.874,2.554,43.46681899,0
10/14/2020,283762,5780,6528.244,132.975,58.8,5365,111,123.427,2.554,43.46681895,0
10/15/2020,289022,5260,6649.255,121.012,58.8,5443,78,125.222,1.794,43.46682448,0
10/16/2020,295227,6205,6792.008,142.753,58.8,5551,108,127.707,2.485,43.46682159,0
10/17/2020,301856,6629,6944.515,152.507,58.8,5669,118,130.421,2.715,43.46682238,0
10/18/2020,307301,5445,7069.783,125.268,58.8,5762,93,132.561,2.14,43.46682211,0
10/19/2020,312287,4986,7184.491,114.708,58.8,5834,72,134.217,1.656,43.46682319,0
10/20/2020,317967,5680,7315.166,130.674,58.8,5948,114,136.84,2.623,43.46681948,0
10/21/2020,324942,6975,7475.633,160.467,58.8,6093,145,140.176,3.336,43.4668208,0
10/22/2020,332262,7320,7644.037,168.404,58.8,6213,120,142.937,2.761,43.46682257,0
10/23/2020,340042,7780,7823.024,178.987,58.8,6336,123,145.766,2.83,43.46682306,0
10/24/2020,347317,7275,7990.393,167.369,58.8,6463,127,148.688,2.922,43.46682322,0
10/25/2020,353723,6406,8137.77,147.377,58.8,6566,103,151.058,2.37,43.46682199,0
10/26/2020,359348,5625,8267.179,129.409,58.8,6641,75,152.783,1.725,43.46682224,0
10/27/2020,366233,6885,8425.576,158.397,58.8,6770,129,155.751,2.968,43.46682055,0
10/28/2020,374023,7790,8604.793,179.217,58.8,6938,168,159.616,3.865,43.46682134,0
10/29/2020,381664,7641,8780.582,175.789,58.8,7058,120,162.377,2.761,43.46682259,0
10/30/2020,390272,8608,8978.618,198.036,58.8,7235,177,166.449,4.072,43.46682307,0
10/31/2020,399330,9058,9187.007,208.389,58.8,7399,164,170.222,3.773,43.46682222,0
11/1/2020,407573,8243,9376.646,189.639,58.8,7515,116,172.89,2.669,43.46682172,0
11/2/2020,414567,6994,9537.55,160.904,58.8,7584,69,174.478,1.587,43.46682324,0
11/3/2020,423683,9116,9747.273,209.723,58.8,7749,165,178.274,3.796,43.466824,0
11/4/2020,433492,9809,9972.94,225.666,58.8,7952,203,182.944,4.67,43.46682122,0
11/5/2020,443630,10138,10206.175,233.235,58.8,8148,196,187.453,4.509,43.46682278,0
11/6/2020,453565,9935,10434.74,228.565,58.8,8358,210,192.285,4.831,43.46682332,0
11/7/2020,464598,11033,10688.566,253.826,58.8,8553,195,196.771,4.486,43.4668224,0
11/8/2020,474245,9647,10910.505,221.939,58.8,8695,142,200.038,3.267,43.46682395,0
11/9/2020,483153,8908,11115.443,204.938,58.8,8812,117,202.729,2.692,43.46682359,0
11/10/2020,493544,10391,11354.499,239.056,58.8,9018,206,207.469,4.739,43.46682315,0
11/11/2020,504423,10879,11604.782,250.283,58.8,9214,196,211.978,4.509,43.46682256,0
11/12/2020,515755,11332,11865.487,260.705,58.8,9422,208,216.763,4.785,43.46682104,0
11/13/2020,527808,12053,12142.779,277.292,61.57,9604,182,220.95,4.187,43.4668209,0
11/14/2020,540593,12785,12436.911,294.132,61.57,9806,202,225.597,4.647,43.46682227,0
11/15/2020,551533,10940,12688.597,251.686,61.57,9904,98,227.852,2.255,43.46682301,0
11/16/2020,561581,10048,12919.762,231.165,61.57,10002,98,230.107,2.255,43.46682238,0
11/17/2020,573758,12177,13199.907,280.145,61.57,10168,166,233.926,3.819,43.4668214,0
11/18/2020,586522,12764,13493.556,293.649,61.57,10431,263,239.976,6.051,43.46682224,0
11/19/2020,600152,13630,13807.129,313.572,61.57,10694,263,246.027,6.051,43.46682065,0
11/20/2020,614986,14834,14148.4,341.272,61.57,10929,235,251.433,5.406,43.4668231,0
11/21/2020,629850,14864,14490.362,341.962,61.57,11149,220,256.494,5.061,43.46682298,0
11/22/2020,642215,12365,14774.832,284.47,61.57,11292,143,259.784,3.29,43.4668225,0
11/23/2020,653442,11227,15033.121,258.289,61.57,11423,131,262.798,3.014,43.46682236,0
11/24/2020,665968,12526,15321.295,288.174,61.57,11619,196,267.307,4.509,43.46682183,0
11/25/2020,680132,14164,15647.153,325.858,61.57,11857,238,272.783,5.475,43.46682109,0
11/26/2020,695755,15623,16006.576,359.424,61.57,12091,234,278.166,5.383,43.46682264,0
11/27/2020,712249,16494,16386.038,379.462,61.57,12292,201,282.79,4.624,43.46682218,0
11/28/2020,728834,16585,16767.593,381.555,61.57,12485,193,287.231,4.44,43.46682317,0
11/29/2020,742105,13271,17072.907,305.313,61.57,12613,128,290.175,2.945,43.46682144,0
11/30/2020,752343,10238,17308.443,235.536,61.57,12731,118,292.89,2.715,43.46682137,0
12/1/2020,765117,12774,17602.322,293.879,61.57,12962,231,298.204,5.314,43.46682216,0
12/2/2020,778560,13443,17911.592,309.27,61.57,13140,178,302.3,4.095,43.46682305,0
12/3/2020,793372,14812,18252.358,340.766,61.57,13394,254,308.143,5.844,43.4668222,0
12/4/2020,808828,15456,18607.94,355.582,61.57,13641,247,313.826,5.682,43.46682115,0
12/5/2020,822985,14157,18933.636,325.697,61.57,13877,236,319.255,5.429,43.46682275,0
12/6/2020,834913,11928,19208.053,274.416,61.57,14054,177,323.327,4.072,43.46682092,0
12/7/2020,843898,8985,19414.762,206.709,61.57,14208,154,326.87,3.543,43.46682179,0
12/8/2020,855054,11156,19671.417,256.656,61.57,14413,205,331.586,4.716,43.46682295,0
12/9/2020,867991,12937,19969.047,297.629,61.57,14702,289,338.235,6.649,43.46682143,0
12/10/2020,881727,13736,20285.058,316.011,61.57,14981,279,344.654,6.419,43.46682174,0
12/11/2020,895620,13893,20604.681,319.623,61.57,15278,297,351.486,6.833,43.46682193,0
12/12/2020,908839,13219,20908.798,304.117,61.57,15528,250,357.238,5.752,43.46682196,0
12/13/2020,918444,9605,21129.771,220.973,61.57,15691,163,360.988,3.75,43.46682224,0
12/14/2020,925321,6877,21287.984,158.213,61.57,15792,101,363.312,2.324,43.46682147,0
12/15/2020,934161,8840,21491.357,203.374,61.57,16038,246,368.971,5.659,43.4668225,0
12/16/2020,945218,11057,21745.735,254.378,61.57,16314,276,375.321,6.35,43.46682234,0
12/17/2020,957692,12474,22032.713,286.978,61.57,16579,265,381.417,6.097,43.46682136,0
12/18/2020,970758,13066,22333.31,300.597,61.57,16848,269,387.606,6.189,43.46682153,0
12/19/2020,982937,12179,22613.5,280.191,54.63,17072,224,392.759,5.153,43.46682292,0
12/20/2020,991700,8763,22815.103,201.602,54.63,17201,129,395.727,2.968,43.46682108,0
12/21/2020,998678,6978,22975.639,160.536,54.63,17293,92,397.844,2.117,43.46682153,0
12/22/2020,1007627,8949,23181.52,205.881,54.63,17535,242,403.411,5.567,43.46682185,0
12/23/2020,1018199,10572,23424.74,243.22,54.63,17823,288,410.037,6.626,43.46682183,0
12/24/2020,1030125,11926,23699.11,274.37,54.63,18057,234,415.42,5.383,43.46682217,0
12/25/2020,1041583,11458,23962.713,263.603,54.63,18255,198,419.975,4.555,43.46682281,0
12/26/2020,1049717,8134,24149.845,187.131,54.63,18389,134,423.058,3.083,43.46682142,0
12/27/2020,1056265,6548,24300.488,150.644,54.63,18472,83,424.968,1.91,43.46682256,0
12/28/2020,1061074,4809,24411.124,110.636,54.63,18555,83,426.877,1.91,43.46682275,0
12/29/2020,1068476,7402,24581.415,170.291,54.63,18801,246,432.537,5.659,43.46682239,0
12/30/2020,1076880,8404,24774.758,193.343,54.63,19058,257,438.449,5.913,43.46682216,0
12/31/2020,1086997,10117,25007.51,232.752,54.63,19281,223,443.58,5.13,43.46682257,0
1/1/2021,1096855,9858,25234.304,226.794,54.63,19437,156,447.169,3.589,43.46682199,0
1/2/2021,1102256,5401,25358.56,124.256,54.63,19498,61,448.572,1.403,43.46682146,0
1/3/2021,1107137,4881,25470.852,112.293,54.63,19630,132,451.609,3.037,43.46682239,0
1/4/2021,1111631,4494,25574.241,103.389,54.63,19712,82,453.495,1.886,43.46682273,0
1/5/2021,1117256,5625,25703.65,129.409,54.63,19929,217,458.488,4.992,43.46682281,0
1/6/2021,1124482,7226,25869.892,166.242,54.63,20171,242,464.055,5.567,43.46682236,0
1/7/2021,1133802,9320,26084.309,214.416,54.63,20334,163,467.805,3.75,43.46682138,0
1/8/2021,1139800,5998,26222.299,137.99,63.89,20432,98,470.06,2.255,43.46682188,0
1/9/2021,1144943,5143,26340.619,118.32,63.89,20526,94,472.222,2.163,43.4668221,0
1/10/2021,1150265,5322,26463.057,122.438,63.89,20641,115,474.868,2.646,43.46682245,0
1/11/2021,1154850,4585,26568.54,105.483,63.89,20719,78,476.662,1.794,43.46682204,0
1/12/2021,1160243,5393,26692.612,124.072,63.89,20915,196,481.172,4.509,43.46682146,0
1/13/2021,1166958,6715,26847.097,154.486,63.89,21121,206,485.911,4.739,43.4668225,0
1/14/2021,1175343,8385,27040.003,192.906,63.89,21300,179,490.029,4.118,43.4668221,0
1/15/2021,1183963,8620,27238.315,198.312,63.89,21479,179,494.147,4.118,43.46682238,0
1/16/2021,1192114,8151,27425.838,187.522,63.89,21637,158,497.782,3.635,43.46682132,0
1/17/2021,1198512,6398,27573.03,147.193,63.89,21767,130,500.773,2.991,43.46682247,0
1/18/2021,1201894,3382,27650.837,77.806,63.89,21847,80,502.613,1.84,43.46682164,0
1/19/2021,1206125,4231,27748.175,97.339,63.89,22037,190,506.984,4.371,43.46682259,0
1/20/2021,1210854,4729,27856.971,108.796,63.89,22264,227,512.207,5.222,43.466822,0
1/21/2021,1216780,5926,27993.305,136.334,63.89,22521,257,518.119,5.913,43.4668218,0
1/22/2021,1222459,5679,28123.956,130.651,63.89,22698,177,522.191,4.072,43.46682238,0
1/23/2021,1227723,5264,28245.06,121.104,63.89,22830,132,525.228,3.037,43.46682216,0
1/24/2021,1231965,4242,28342.652,97.592,63.89,22926,96,527.437,2.209,43.46682167,0
1/25/2021,1234772,2807,28407.23,64.578,54.63,23001,75,529.162,1.725,43.46682165,0
1/26/2021,1237810,3038,28477.122,69.892,54.63,23148,147,532.544,3.382,43.46682224,0
1/27/2021,1241863,4053,28570.366,93.244,54.63,23307,159,536.202,3.658,43.46682153,0
1/28/2021,1247674,5811,28704.054,133.688,54.63,23469,162,539.929,3.727,43.46682179,0
1/29/2021,1253127,5453,28829.506,125.452,54.63,23610,141,543.173,3.244,43.4668218,0
1/30/2021,1258093,4966,28943.754,114.248,54.63,23769,159,546.831,3.658,43.46682189,0
1/31/2021,1261546,3453,29023.194,79.44,54.63,23860,91,548.924,2.094,43.46682174,0
2/1/2021,1263833,2287,29075.809,52.615,54.63,23931,71,550.558,1.633,43.46682151,0
2/2/2021,1266464,2631,29136.338,60.529,54.63,24100,169,554.446,3.888,43.4668214,0
2/3/2021,1270001,3537,29217.71,81.372,54.63,24276,176,558.495,4.049,43.46682201,0
2/4/2021,1275334,5333,29340.401,122.691,54.63,24429,153,562.015,3.52,43.46682242,0
2/5/2021,1280501,5167,29459.274,118.872,54.63,24599,170,565.926,3.911,43.46682135,0
2/6/2021,1285059,4558,29564.135,104.862,54.63,24735,136,569.055,3.129,43.46682222,0
2/7/2021,1288669,3610,29647.187,83.052,54.63,24828,93,571.194,2.14,43.466822,0
2/8/2021,1291025,2356,29701.389,54.202,54.63,24884,56,572.483,1.288,43.46682238,0
2/9/2021,1293892,2867,29767.348,65.958,54.63,25022,138,575.657,3.175,43.46682143,0
2/10/2021,1297537,3645,29851.205,83.857,54.63,25195,173,579.637,3.98,43.46682152,0
2/11/2021,1302811,5274,29972.539,121.334,54.63,25330,135,582.743,3.106,43.46682141,0
2/12/2021,1307806,4995,30087.454,114.915,54.63,25457,127,585.665,2.922,43.46682175,0
2/13/2021,1313209,5403,30211.756,124.302,54.63,25578,121,588.449,2.784,43.46682133,0
2/14/2021,1316520,3311,30287.929,76.173,54.63,25631,53,589.668,1.219,43.46682139,0
2/15/2021,1319060,2540,30346.364,58.435,54.63,25702,71,591.302,1.633,43.46682192,0
2/16/2021,1322406,3346,30423.342,76.978,54.63,25862,160,594.983,3.681,43.46682228,0
2/17/2021,1326891,4485,30526.524,103.182,54.63,26017,155,598.548,3.566,43.46682249,0
2/18/2021,1333332,6441,30674.706,148.182,54.63,26191,174,602.552,4.003,43.46682247,0
2/19/2021,1340054,6722,30829.353,154.647,54.63,26320,129,605.519,2.968,43.46682203,0
2/20/2021,1346527,6473,30978.271,148.918,54.63,26404,84,607.452,1.933,43.46682228,0
2/21/2021,1351190,4663,31085.548,107.277,54.63,26470,66,608.97,1.518,43.46682259,0
2/22/2021,1354545,3355,31162.734,77.185,54.63,26531,61,610.374,1.403,43.46682162,0
2/23/2021,1358871,4326,31262.258,99.524,54.63,26690,159,614.032,3.658,43.46682188,0
2/24/2021,1364861,5990,31400.064,137.806,54.63,26847,157,617.643,3.612,43.46682223,0
2/25/2021,1373139,8278,31590.508,190.444,54.63,26991,144,620.956,3.313,43.46682238,0
2/26/2021,1381273,8134,31777.64,187.131,60.19,27146,155,624.522,3.566,43.46682132,0
2/27/2021,1389570,8297,31968.521,190.881,60.19,27306,160,628.203,3.681,43.46682163,0
2/28/2021,1395528,5958,32105.591,137.07,60.19,27404,98,630.458,2.255,43.46682171,0
3/1/2021,1399934,4406,32206.955,101.365,60.19,27480,76,632.206,1.748,43.46682262,0
3/2/2021,1405394,5460,32332.569,125.613,60.19,27650,170,636.117,3.911,43.46682133,0
3/3/2021,1412748,7354,32501.755,169.187,60.19,27844,194,640.581,4.463,43.46682202,0
3/4/2021,1422927,10179,32735.934,234.179,60.19,28046,202,645.228,4.647,43.46682151,0
3/5/2021,1433200,10273,32972.275,236.341,60.19,28227,181,649.392,4.164,43.46682175,0
3/6/2021,1442457,9257,33185.242,212.967,60.19,28392,165,653.188,3.796,43.46682179,0
3/7/2021,1449741,7284,33352.818,167.576,60.19,28502,110,655.719,2.531,43.4668219,0
3/8/2021,1455421,5680,33483.492,130.674,60.19,28616,114,658.341,2.623,43.4668224,0
3/9/2021,1458785,3364,33560.885,77.392,60.19,28698,82,660.228,1.886,43.46682157,0
3/10/2021,1465265,6480,33709.964,149.079,60.19,28925,227,665.45,5.222,43.46682186,0
3/11/2021,1474452,9187,33921.32,211.357,60.19,29195,270,671.662,6.212,43.46682264,0
3/12/2021,1487497,13045,34221.434,300.114,60.19,29434,239,677.16,5.498,43.46682258,0
3/13/2021,1500873,13376,34529.163,307.729,60.19,29684,250,682.912,5.752,43.46682252,0
3/14/2021,1509983,9110,34738.749,209.585,60.19,29835,151,686.386,3.474,43.46682144,0
3/15/2021,1516865,6882,34897.076,158.328,60.19,29969,134,689.468,3.083,43.46682226,0
3/16/2021,1526595,9730,35120.925,223.849,60.19,30239,270,695.68,6.212,43.46682213,0
3/17/2021,1538516,11921,35395.18,274.255,60.19,30535,296,702.49,6.81,43.46682232,0
3/18/2021,1553659,15143,35743.561,348.381,60.19,30811,276,708.839,6.35,43.4668219,0
3/19/2021,1569596,15937,36110.208,366.647,60.19,31078,267,714.982,6.143,43.46682246,0
3/20/2021,1584972,15376,36463.949,353.741,62.04,31344,266,721.102,6.12,43.46682253,0
3/21/2021,1596201,11229,36722.284,258.335,62.04,31514,170,725.013,3.911,43.46682249,0
3/22/2021,1604183,7982,36905.919,183.634,62.04,31677,163,728.763,3.75,43.46682168,0
3/23/2021,1615747,11564,37171.961,266.042,62.04,32018,341,736.608,7.845,43.46682167,0
3/24/2021,1630013,14266,37500.165,328.204,59.26,32368,350,744.66,8.052,43.46682208,0
3/25/2021,1646775,16762,37885.793,385.627,59.26,32737,369,753.149,8.489,43.46682145,0
3/26/2021,1665001,18226,38305.101,419.308,59.26,33068,331,760.764,7.615,43.46682182,0
3/27/2021,1682527,17526,38708.305,403.204,59.26,33363,295,767.551,6.787,43.46682191,0
3/28/2021,1694568,12041,38985.321,277.016,59.26,33571,208,772.336,4.785,43.46682178,0
3/29/2021,1703036,8468,39180.136,194.815,59.26,33752,181,776.5,4.164,43.46682207,0
3/30/2021,1713684,10648,39425.105,244.968,62.04,34043,291,783.195,6.695,43.46682146,0
3/31/2021,1725029,11345,39686.108,261.004,62.04,34456,413,792.697,9.501,43.46682219,0
4/1/2021,1742710,17681,40092.878,406.77,62.04,34885,429,802.566,9.87,43.46682221,0
4/2/2021,1762713,20003,40553.068,460.19,62.04,35326,441,812.712,10.146,43.46682229,0
4/3/2021,1783169,20456,41023.68,470.612,62.04,35729,403,821.983,9.271,43.46682209,0
4/4/2021,1797027,13858,41342.498,318.818,62.04,35994,265,828.08,6.097,43.46682196,0
4/5/2021,1807327,10300,41579.46,236.962,66.67,36255,261,834.084,6.005,43.46682232,0
4/6/2021,1820725,13398,41887.695,308.235,66.67,36692,437,844.138,10.054,43.46682242,0
4/7/2021,1836260,15535,42245.094,357.399,66.67,37178,486,855.319,11.181,43.46682244,0
4/8/2021,1855806,19546,42694.771,449.676,66.67,37649,471,866.155,10.836,43.46682173,0
4/9/2021,1875605,19799,43150.268,455.497,66.67,38074,425,875.932,9.778,43.46682157,0
4/10/2021,1893192,17587,43554.875,404.607,66.67,38479,405,885.25,9.317,43.46682203,0
4/11/2021,1905430,12238,43836.423,281.548,66.67,38718,239,890.748,5.498,43.4668221,0
4/12/2021,1913415,7985,44020.126,183.703,66.67,39012,294,897.512,6.764,43.46682243,0
4/13/2021,1925224,11809,44291.805,271.678,69.44,39477,465,908.21,10.698,43.46682191,0
4/14/2021,1939901,14677,44629.465,337.66,69.44,39950,473,919.092,10.882,43.46682175,0
4/15/2021,1956454,16553,45010.284,380.819,69.44,40389,439,929.191,10.1,43.46682194,0
4/16/2021,1974056,17602,45415.236,404.953,69.44,40832,443,939.383,10.192,43.46682246,0
4/17/2021,1989160,15104,45762.72,347.483,69.44,41278,446,949.644,10.261,43.4668219,0
4/18/2021,1999567,10407,46002.144,239.424,69.44,41534,256,955.533,5.89,43.46682189,0
4/19/2021,2006197,6630,46154.674,152.53,69.44,41755,221,960.618,5.084,43.46682202,0
4/20/2021,2015257,9060,46363.109,208.435,69.44,42129,374,969.222,8.604,43.46682186,0
4/21/2021,2027544,12287,46645.784,282.675,70.83,42565,436,979.253,10.031,43.46682221,0
4/22/2021,2043901,16357,47022.094,376.31,70.83,43041,476,990.204,10.951,43.46682221,0
4/23/2021,2058301,14400,47353.381,331.287,70.83,43483,442,1000.372,10.169,43.46682236,0
4/24/2021,2071142,12841,47648.802,295.421,70.83,43884,401,1009.598,9.225,43.4668221,0
4/25/2021,2079200,8058,47834.185,185.383,70.83,44121,237,1015.05,5.452,43.4668219,0
4/26/2021,2084384,5184,47953.448,119.263,70.83,44323,202,1019.697,4.647,43.46682224,0
4/27/2021,2092421,8037,48138.348,184.9,70.83,44763,440,1029.82,10.123,43.46682192,0
4/28/2021,2102130,9709,48361.714,223.366,70.83,45211,448,1040.127,10.307,43.46682171,0
4/29/2021,2113880,11750,48632.035,270.321,70.83,45607,396,1049.237,9.11,43.46682182,0
4/30/2021,2124070,10190,48866.466,234.432,70.83,45923,316,1056.507,7.27,43.46682242,0
5/1/2021,2132742,8672,49065.975,199.508,70.83,46281,358,1064.743,8.236,43.46682197,0
5/2/2021,2137959,5217,49185.998,120.023,76.39,46447,166,1068.562,3.819,43.46682159,0
5/3/2021,2140838,2879,49252.232,66.234,76.39,46607,160,1072.243,3.681,43.46682197,0
5/4/2021,2143427,2589,49311.795,59.563,76.39,46781,174,1076.246,4.003,43.46682168,0
5/5/2021,2146121,2694,49373.773,61.978,76.39,46950,169,1080.134,3.888,43.46682195,0
5/6/2021,2152280,6159,49515.467,141.694,76.39,47331,381,1088.899,8.765,43.4668222,0
5/7/2021,2160809,8529,49711.686,196.219,76.39,47717,386,1097.78,8.88,43.46682187,0
5/8/2021,2169650,8841,49915.082,203.397,56.94,48095,378,1106.476,8.696,43.46682231,0
5/9/2021,2175151,5501,50041.639,126.556,56.94,48294,199,1111.054,4.578,43.4668217,0
5/10/2021,2178095,2944,50109.368,67.73,56.94,48419,125,1113.93,2.876,43.46682241,0
5/11/2021,2180429,2334,50163.065,53.696,56.94,48544,125,1116.806,2.876,43.46682165,0
5/12/2021,2185088,4659,50270.25,107.185,56.94,48908,364,1125.18,8.374,43.46682183,0
5/13/2021,2192022,6934,50429.774,159.524,57.41,49261,353,1133.301,8.121,43.4668218,0
5/14/2021,2199708,7686,50606.598,176.825,57.41,49554,293,1140.042,6.741,43.46682225,0
5/15/2021,2206627,6919,50765.777,159.179,57.41,49881,327,1147.565,7.523,43.46682215,0
5/16/2021,2210375,3748,50852.004,86.227,57.41,50019,138,1150.74,3.175,43.46682188,0
5/17/2021,2212635,2260,50903.998,51.994,57.41,50132,113,1153.339,2.6,43.4668216,0
5/18/2021,2216856,4221,51001.106,97.109,57.41,50425,293,1160.08,6.741,43.46682207,0
5/19/2021,2222115,5259,51122.095,120.989,57.41,50658,233,1165.441,5.36,43.46682193,0
5/20/2021,2227400,5285,51243.682,121.587,57.41,50867,209,1170.249,4.808,43.46682192,0
5/21/2021,2232510,5110,51361.243,117.561,57.41,51076,209,1175.057,4.808,43.46682186,0
5/22/2021,2237240,4730,51470.061,108.819,57.41,51260,184,1179.29,4.233,43.46682239,0
5/23/2021,2239897,2657,51531.189,61.127,57.41,51353,93,1181.43,2.14,43.46682162,0
5/24/2021,2241354,1457,51564.708,33.52,57.41,51425,72,1183.086,1.656,43.46682231,0
5/25/2021,2244084,2730,51627.515,62.807,43.52,51682,257,1188.999,5.913,43.46682191,0
5/26/2021,2247605,3521,51708.519,81.004,43.52,51898,216,1193.968,4.969,43.46682217,0
5/27/2021,2251242,3637,51792.192,83.673,43.52,52088,190,1198.339,4.371,43.46682218,0
5/28/2021,2254674,3432,51871.149,78.957,43.52,52252,164,1202.112,3.773,43.46682199,0
5/29/2021,2257904,3230,51945.459,74.31,43.52,52414,162,1205.839,3.727,43.46682161,0
5/30/2021,2259743,1839,51987.767,42.308,43.52,52504,90,1207.91,2.071,43.46682172,0
5/31/2021,2260899,1156,52014.362,26.595,43.52,52573,69,1209.497,1.587,43.46682172,0
6/1/2021,2263167,2268,52066.539,52.178,57.41,52742,169,1213.385,3.888,43.46682233,0
6/2/2021,2265502,2335,52120.259,53.719,57.41,52907,165,1217.181,3.796,43.46682161,0
6/3/2021,2268209,2707,52182.536,62.277,57.41,53015,108,1219.666,2.485,43.46682193,0
6/4/2021,2270602,2393,52237.589,55.053,57.41,53117,102,1222.013,2.347,43.46682233,0
6/5/2021,2272633,2031,52284.315,46.725,57.41,53211,94,1224.175,2.163,43.46682174,0
6/6/2021,2273708,1075,52309.046,24.732,57.41,53258,47,1225.256,1.081,43.46682216,0
6/7/2021,2274375,667,52324.391,15.345,57.41,53295,37,1226.108,0.851,43.46682219,0
6/8/2021,2276111,1736,52364.33,39.939,57.41,53420,125,1228.983,2.876,43.46682178,0
6/9/2021,2277632,1521,52399.322,34.992,57.41,53503,83,1230.893,1.91,43.46682196,0
6/10/2021,2279556,1924,52443.586,44.264,57.41,53607,104,1233.285,2.393,43.46682166,0
6/11/2021,2281303,1747,52483.777,40.192,57.41,53683,76,1235.034,1.748,43.46682214,0
6/12/2021,2282727,1424,52516.538,32.761,57.41,53758,75,1236.759,1.725,43.46682182,0
6/13/2021,2283746,1019,52539.981,23.443,57.41,53795,37,1237.611,0.851,43.46682196,0
6/14/2021,2284337,591,52553.578,13.597,57.41,53812,17,1238.002,0.391,43.46682161,0
6/15/2021,2285534,1197,52581.116,27.538,57.41,53894,82,1239.888,1.886,43.46682181,0
6/16/2021,2286767,1233,52609.482,28.366,57.41,53980,86,1241.867,1.979,43.4668222,0
6/17/2021,2288155,1388,52641.415,31.932,58.33,54041,61,1243.27,1.403,43.4668217,0
6/18/2021,2289333,1178,52668.516,27.101,58.33,54097,56,1244.558,1.288,43.46682181,0
6/19/2021,2290412,1079,52693.339,24.824,58.33,54142,45,1245.594,1.035,43.46682225,0
6/20/2021,2291135,723,52709.973,16.633,58.33,54171,29,1246.261,0.667,43.46682173,0
6/21/2021,2291722,587,52723.477,13.505,58.33,54192,21,1246.744,0.483,43.46682219,0
6/22/2021,2292295,573,52736.66,13.182,58.33,54220,28,1247.388,0.644,43.46682175,0
6/23/2021,2293421,1126,52762.565,25.905,58.33,54299,79,1249.206,1.817,43.4668216,0
6/24/2021,2294669,1248,52791.276,28.712,58.33,54366,67,1250.747,1.541,43.46682206,0
6/25/2021,2295873,1204,52818.975,27.699,58.33,54429,63,1252.196,1.449,43.46682229,0
6/26/2021,2296982,1109,52844.489,25.514,58.33,54473,44,1253.209,1.012,43.46682206,0
6/27/2021,2297801,819,52863.331,18.842,58.33,54498,25,1253.784,0.575,43.46682202,0
6/28/2021,2298478,677,52878.906,15.575,54.63,54517,19,1254.221,0.437,43.4668221,0
6/29/2021,2299059,581,52892.273,13.367,54.63,54531,14,1254.543,0.322,43.4668217,0
6/30/2021,2300101,1042,52916.245,23.972,54.63,54581,50,1255.693,1.15,43.46682196,0
7/1/2021,2301221,1120,52942.012,25.767,54.63,54644,63,1257.143,1.449,43.46682177,0
7/2/2021,2302344,1123,52967.848,25.836,54.63,54687,43,1258.132,0.989,43.46682161,0
7/3/2021,2303485,1141,52994.097,26.25,54.63,54735,48,1259.236,1.104,43.46682235,0
7/4/2021,2304311,826,53013.1,19.003,54.63,54758,23,1259.765,0.529,43.46682235,0
7/5/2021,2305013,702,53029.251,16.15,50.93,54784,26,1260.364,0.598,43.46682174,0
7/6/2021,2306006,993,53052.096,22.845,50.93,54815,31,1261.077,0.713,43.46682174,0
7/7/2021,2307068,1062,53076.528,24.432,50.93,54860,45,1262.112,1.035,43.4668221,0
7/8/2021,2308142,1074,53101.237,24.709,50.93,54894,34,1262.894,0.782,43.46682169,0
7/9/2021,2309264,1122,53127.049,25.813,50.93,54917,23,1263.423,0.529,43.46682233,0
7/10/2021,2310246,982,53149.641,22.592,50.93,54949,32,1264.16,0.736,43.46682229,0
7/11/2021,2311025,779,53167.563,17.922,50.93,54964,15,1264.505,0.345,43.46682205,0
7/12/2021,2311690,665,53182.862,15.299,50.93,54981,17,1264.896,0.391,43.46682208,0
7/13/2021,2312662,972,53205.224,22.362,50.93,55030,49,1266.023,1.127,43.46682198,0
7/14/2021,2313705,1043,53229.219,23.995,50.93,55066,36,1266.851,0.828,43.46682224,0
7/15/2021,2314828,1123,53255.055,25.836,50.93,55097,31,1267.564,0.713,43.46682207,0
7/16/2021,2316081,1253,53283.882,28.827,50.93,55124,27,1268.186,0.621,43.46682173,0
7/17/2021,2317198,1117,53309.579,25.698,50.93,55151,27,1268.807,0.621,43.46682235,0
7/18/2021,2318035,837,53328.835,19.256,50.93,55170,19,1269.244,0.437,43.4668224,0
7/19/2021,2318752,717,53345.331,16.495,50.93,55183,13,1269.543,0.299,43.46682187,0
7/20/2021,2319886,1134,53371.42,26.089,50.93,55221,38,1270.417,0.874,43.46682176,0
7/21/2021,2321081,1195,53398.912,27.492,50.93,55245,24,1270.969,0.552,43.46682195,0
7/22/2021,2322340,1259,53427.877,28.965,50.93,55279,34,1271.752,0.782,43.46682164,0
7/23/2021,2323638,1298,53457.738,29.862,50.93,55311,32,1272.488,0.736,43.46682233,0
7/24/2021,2324935,1297,53487.577,29.839,50.93,55347,36,1273.316,0.828,43.46682221,0
7/25/2021,2325776,841,53506.925,19.348,50.93,55369,22,1273.822,0.506,43.46682229,0
7/26/2021,2326550,774,53524.732,17.807,50.93,55381,12,1274.098,0.276,43.46682203,0
7/27/2021,2327777,1227,53552.96,28.228,50.93,55420,39,1274.995,0.897,43.46682238,0
7/28/2021,2329044,1267,53582.109,29.149,50.93,55449,29,1275.663,0.667,43.46682211,0
7/29/2021,2330440,1396,53614.226,32.116,50.93,55489,40,1276.583,0.92,43.46682166,0
7/30/2021,2331950,1510,53648.965,34.739,50.93,55521,32,1277.319,0.736,43.46682177,0
7/31/2021,2333409,1459,53682.531,33.566,50.93,55556,35,1278.124,0.805,43.46682164,0
8/1/2021,2334433,1024,53706.089,23.558,50.93,55577,21,1278.607,0.483,43.4668218,0
8/2/2021,2335237,804,53724.586,18.497,50.93,55596,19,1279.045,0.437,43.46682169,0
8/3/2021,2336603,1366,53756.012,31.426,50.93,55643,47,1280.126,1.081,43.46682191,0
8/4/2021,2338123,1520,53790.981,34.969,50.93,55707,64,1281.598,1.472,43.46682207,0
8/5/2021,2339731,1608,53827.975,36.994,50.93,55755,48,1282.702,1.104,43.46682185,0
8/6/2021,2341399,1668,53866.349,38.374,50.93,55792,37,1283.554,0.851,43.46682193,0
8/7/2021,2343046,1647,53904.24,37.891,50.93,55836,44,1284.566,1.012,43.4668219,0
8/8/2021,2344260,1214,53932.169,27.929,50.93,55867,31,1285.279,0.713,43.46682219,0
8/9/2021,2345166,906,53953.013,20.843,50.93,55890,23,1285.808,0.529,43.46682177,0
8/10/2021,2346560,1394,53985.083,32.07,50.93,55937,47,1286.89,1.081,43.46682212,0
8/11/2021,2348295,1735,54024.999,39.916,50.93,55977,40,1287.81,0.92,43.46682172,0
8/12/2021,2350163,1868,54067.974,42.975,50.93,56021,44,1288.822,1.012,43.46682197,0
8/13/2021,2352042,1879,54111.202,43.228,50.93,56085,64,1290.294,1.472,43.46682227,0
8/14/2021,2354008,1966,54156.432,45.23,50.93,56126,41,1291.238,0.943,43.46682219,0
8/15/2021,2355317,1309,54186.547,30.115,50.93,56159,33,1291.997,0.759,43.46682212,0
8/16/2021,2356345,1028,54210.197,23.65,50.93,56190,31,1292.71,0.713,43.4668223,0
8/17/2021,2357844,1499,54244.683,34.486,50.93,56237,47,1293.791,1.081,43.46682236,0
8/18/2021,2359893,2049,54291.823,47.139,50.93,56297,60,1295.172,1.38,43.46682188,0
8/19/2021,2362052,2159,54341.493,49.67,50.93,56352,55,1296.437,1.265,43.46682194,0
8/20/2021,2364242,2190,54391.876,50.383,50.93,56399,47,1297.518,1.081,43.46682214,0
8/21/2021,2366560,2318,54445.204,53.328,50.93,56457,58,1298.853,1.334,43.46682216,0
8/22/2021,2368150,1590,54481.784,36.58,50.93,56498,41,1299.796,0.943,43.46682186,0
8/23/2021,2369339,1189,54509.138,27.354,50.93,56526,28,1300.44,0.644,43.46682202,0
8/24/2021,2370604,1265,54538.241,29.103,50.93,56573,47,1301.521,1.081,43.46682175,0
8/25/2021,2371895,1291,54567.941,29.701,50.93,56616,43,1302.511,0.989,43.4668224,0
8/26/2021,2374012,2117,54616.645,48.704,50.93,56682,66,1304.029,1.518,43.46682225,0
8/27/2021,2376571,2559,54675.518,58.872,50.93,56769,87,1306.031,2.002,43.46682184,0
8/28/2021,2379159,2588,54735.057,59.54,50.93,56847,78,1307.825,1.794,43.46682237,0
8/29/2021,2381553,2394,54790.134,55.076,50.93,56900,53,1309.044,1.219,43.46682196,0
8/30/2021,2382769,1216,54818.109,27.975,50.93,56934,34,1309.827,0.782,43.46682225,0
8/31/2021,2384564,1795,54859.405,41.296,50.93,57004,70,1311.437,1.61,43.46682214,0
9/1/2021,2387052,2488,54916.644,57.239,50.93,57066,62,1312.863,1.426,43.46682219,0
9/2/2021,2389923,2871,54982.695,66.05,50.93,57129,63,1314.313,1.449,43.4668217,0
9/3/2021,2393002,3079,55053.53,70.836,50.93,57192,63,1315.762,1.449,43.4668222,0
9/4/2021,2395616,2614,55113.668,60.138,50.93,57236,44,1316.774,1.012,43.46682206,0
9/5/2021,2397758,2142,55162.947,49.279,50.93,57287,51,1317.948,1.173,43.46682203,0
9/6/2021,2398900,1142,55189.22,26.273,50.93,57319,32,1318.684,0.736,43.46682196,0
9/7/2021,2401462,2562,55248.161,58.942,50.93,57392,73,1320.363,1.679,43.46682236,0
9/8/2021,2404585,3123,55320.009,71.848,50.93,57472,80,1322.204,1.84,43.46682228,0
9/9/2021,2408595,4010,55412.264,92.254,50.93,57552,80,1324.044,1.84,43.46682171,0
9/10/2021,2412543,3948,55503.092,90.828,50.93,57648,96,1326.253,2.209,43.46682163,0
9/11/2021,2416739,4196,55599.625,96.533,50.93,57735,87,1328.254,2.002,43.46682194,0
9/12/2021,2419254,2515,55657.485,57.86,50.93,57772,37,1329.106,0.851,43.46682212,0
9/13/2021,2420776,1522,55692.5,35.015,50.93,57797,25,1329.681,0.575,43.46682228,0
9/14/2021,2424416,3640,55776.242,83.742,50.93,57913,116,1332.35,2.669,43.46682231,0
9/15/2021,2429354,4938,55889.846,113.604,50.93,58025,112,1334.926,2.577,43.46682222,0
9/16/2021,2435404,6050,56029.033,139.187,50.93,58146,121,1337.71,2.784,43.46682192,0
9/17/2021,2442344,6940,56188.695,159.662,58.33,58265,119,1340.448,2.738,43.46682193,0
9/18/2021,2448908,6564,56339.707,151.012,58.33,58363,98,1342.702,2.255,43.46682172,0
9/19/2021,2453240,4332,56439.369,99.662,58.33,58422,59,1344.06,1.357,43.46682189,0
9/20/2021,2455873,2633,56499.944,60.575,58.33,58477,55,1345.325,1.265,43.46682184,0
9/21/2021,2461415,5542,56627.443,127.5,58.33,58629,152,1348.822,3.497,43.46682226,0
9/22/2021,2468567,7152,56791.983,164.539,58.33,58754,125,1351.698,2.876,43.46682172,0
9/23/2021,2476848,8281,56982.496,190.513,58.33,58895,141,1354.941,3.244,43.46682181,0
9/24/2021,2486343,9495,57200.938,218.442,58.33,59053,158,1358.576,3.635,43.46682217,0
9/25/2021,2495068,8725,57401.666,200.728,58.33,59202,149,1362.004,3.428,43.46682203,0
9/26/2021,2500198,5130,57519.687,118.021,58.33,59281,79,1363.822,1.817,43.46682206,0
9/27/2021,2503710,3512,57600.484,80.797,58.33,59384,103,1366.191,2.37,43.46682226,0
9/28/2021,2510781,7071,57763.16,162.676,58.33,59540,156,1369.78,3.589,43.46682211,0
9/29/2021,2520986,10205,57997.937,234.777,58.33,59768,228,1375.026,5.245,43.46682193,0
9/30/2021,2533301,12315,58281.256,283.32,58.33,59980,212,1379.903,4.877,43.46682233,0
10/1/2021,2545904,12603,58571.202,289.945,58.33,60164,184,1384.136,4.233,43.4668218,0
10/2/2021,2558300,12396,58856.385,285.183,58.33,60380,216,1389.105,4.969,43.46682182,0
10/3/2021,2566875,8575,59053.662,197.277,58.33,60514,134,1392.188,3.083,43.46682175,0
10/4/2021,2572327,5452,59179.091,125.429,58.33,60634,120,1394.949,2.761,43.46682175,0
10/5/2021,2582818,10491,59420.447,241.356,58.33,60970,336,1402.679,7.73,43.46682212,0
10/6/2021,2596134,13316,59726.796,306.349,58.33,61309,339,1410.478,7.799,43.46682183,0
10/7/2021,2611928,15794,60090.153,363.358,58.33,61637,328,1418.024,7.546,43.46682226,0
10/8/2021,2628975,17047,60482.338,392.184,58.33,61893,256,1423.914,5.89,43.46682167,0
10/9/2021,2645597,16622,60864.744,382.407,58.33,62157,264,1429.987,6.074,43.46682211,0
10/10/2021,2657699,12102,61143.163,278.419,58.33,62332,175,1434.013,4.026,43.46682228,0
10/11/2021,2667304,9605,61364.137,220.973,58.33,62550,218,1439.029,5.015,43.46682167,0
10/12/2021,2680076,12772,61657.97,293.833,58.33,62921,371,1447.564,8.535,43.46682189,0
10/13/2021,2697176,17100,62051.373,393.404,58.33,63414,493,1458.906,11.342,43.46682224,0
10/14/2021,2716867,19691,62504.386,453.012,58.33,63847,433,1468.867,9.962,43.46682167,0
10/15/2021,2731325,14458,62837.007,332.622,58.33,64068,221,1473.952,5.084,43.46682203,0
10/16/2021,2745165,13840,63155.411,318.404,58.33,64367,299,1480.831,6.879,43.46682187,0
10/17/2021,2757328,12163,63435.233,279.823,58.33,64603,236,1486.26,5.429,43.46682229,0
10/18/2021,2767743,10415,63674.841,239.608,58.33,64797,194,1490.723,4.463,43.46682232,0
10/19/2021,2784227,16484,64054.073,379.232,58.33,65359,562,1503.653,12.929,43.46682216,0
10/20/2021,2804050,19823,64510.122,456.049,58.33,65876,517,1515.547,11.894,43.46682215,0
10/21/2021,2827388,23338,65047.037,536.915,58.33,66447,571,1528.683,13.136,43.46682232,0
10/22/2021,2852109,24721,65615.77,568.733,58.33,67087,640,1543.407,14.724,43.46682208,0
10/23/2021,2876288,24179,66172.033,556.263,58.33,67597,510,1555.14,11.733,43.46682231,0
10/24/2021,2898049,21761,66672.668,500.635,58.33,68008,411,1564.596,9.455,43.46682212,0
10/25/2021,2913666,15617,67031.954,359.286,58.33,68365,357,1572.809,8.213,43.46682181,0
10/26/2021,2933778,20112,67494.651,462.698,58.33,69130,765,1590.408,17.6,43.46682228,0
10/27/2021,2957359,23581,68037.157,542.506,58.33,69854,724,1607.065,16.656,43.46682211,0
10/28/2021,2984456,27097,68660.552,623.395,58.33,70475,621,1621.352,14.287,43.46682211,0
10/29/2021,3012370,27914,69302.743,642.191,58.33,71141,666,1636.674,15.322,43.46682209,0
10/30/2021,3039616,27246,69929.566,626.823,58.33,71710,569,1649.764,13.09,43.46682203,0
10/31/2021,3058108,18492,70354.994,425.428,58.33,72073,363,1658.115,8.351,43.46682199,0
11/1/2021,3073125,15017,70700.476,345.482,58.33,72402,329,1665.684,7.569,43.46682192,0
11/2/2021,3093661,20536,71172.928,472.452,58.33,73136,734,1682.571,16.886,43.4668221,0
11/3/2021,3118140,24479,71736.093,563.165,58.33,73888,752,1699.871,17.301,43.4668222,0
11/4/2021,3146617,28477,72391.237,655.143,58.33,74617,729,1716.643,16.771,43.46682182,0
11/5/2021,3174223,27606,73026.342,635.105,58.33,75346,729,1733.414,16.771,43.46682188,0
11/6/2021,3200411,26188,73628.824,602.483,58.33,76175,829,1752.486,19.072,43.46682218,0
11/7/2021,3218967,18556,74055.725,426.9,58.33,76657,482,1763.575,11.089,43.46682178,0
11/8/2021,3233178,14211,74382.664,326.939,58.33,77156,499,1775.055,11.48,43.46682179,0
11/9/2021,3253327,20149,74846.213,463.549,58.33,78017,861,1794.863,19.808,43.46682176,0
11/10/2021,3277772,24445,75408.596,562.383,57.41,78865,848,1814.372,19.509,43.46682174,0
11/11/2021,3303694,25922,76004.958,596.363,57.41,79548,683,1830.085,15.713,43.46682226,0
11/12/2021,3328934,25240,76585.631,580.673,57.41,80330,782,1848.076,17.991,43.46682212,0
11/13/2021,3353694,24760,77155.261,569.63,57.41,81054,724,1864.733,16.656,43.46682205,0
11/14/2021,3369387,15693,77516.295,361.034,57.41,81482,428,1874.579,9.847,43.46682204,0
11/15/2021,3381399,12012,77792.644,276.349,57.41,81948,466,1885.3,10.721,43.46682188,0
11/16/2021,3398913,17514,78195.572,402.928,57.41,82813,865,1905.2,19.9,43.46682188,0
11/17/2021,3418792,19879,78652.909,457.337,57.41,83609,796,1923.513,18.313,43.46682206,0
11/18/2021,3440602,21810,79154.671,501.762,57.41,84393,784,1941.55,18.037,43.46682207,0
11/19/2021,3461873,21271,79644.033,489.362,57.41,85151,758,1958.988,17.439,43.46682193,0
11/20/2021,3481347,19474,80092.053,448.02,57.41,85847,696,1975.001,16.012,43.46682186,0
11/21/2021,3493203,11856,80364.812,272.76,57.41,86260,413,1984.502,9.501,43.46682227,0
11/22/2021,3501815,8612,80562.941,198.128,57.41,86615,355,1992.669,8.167,43.4668218,0
11/23/2021,3515641,13826,80881.022,318.082,57.41,87371,756,2010.062,17.393,43.46682217,0
11/24/2021,3530969,15328,81233.659,352.637,57.41,87999,628,2024.51,14.448,43.46682205,0
11/25/2021,3548842,17873,81644.846,411.187,57.41,88664,665,2039.809,15.299,43.46682214,0
11/26/2021,3565644,16802,82031.394,386.548,57.41,89307,643,2054.602,14.793,43.46682198,0
11/27/2021,3580671,15027,82377.106,345.712,57.41,89911,604,2068.497,13.896,43.46682196,0
11/28/2021,3588916,8245,82566.791,189.685,57.41,90345,434,2078.482,9.985,43.46682191,0
11/29/2021,3595410,6494,82716.192,149.401,57.41,90673,328,2086.028,7.546,43.46682207,0
11/30/2021,3606622,11212,82974.136,257.944,57.41,91268,595,2099.716,13.689,43.466822,0
12/1/2021,3619223,12601,83264.035,289.899,57.41,91860,592,2113.336,13.62,43.46682214,0
12/2/2021,3633386,14163,83589.87,325.835,57.41,92418,558,2126.173,12.837,43.466822,0
12/3/2021,3647777,14391,83920.95,331.08,57.41,92960,542,2138.643,12.469,43.46682205,0
12/4/2021,3661583,13806,84238.572,317.622,60.19,93426,466,2149.363,10.721,43.46682183,0
12/5/2021,3668794,7211,84404.468,165.897,60.19,93734,308,2156.449,7.086,43.46682216,0
12/6/2021,3673839,5045,84520.534,116.066,60.19,94002,268,2162.615,6.166,43.46682192,0
12/7/2021,3683044,9205,84732.305,211.771,60.19,94499,497,2174.049,11.434,43.46682177,0
12/8/2021,3692939,9895,84959.949,227.645,60.19,94979,480,2185.092,11.043,43.46682223,0
12/9/2021,3705823,12884,85256.359,296.41,60.19,95478,499,2196.572,11.48,43.46682222,0
12/10/2021,3717640,11817,85528.222,271.863,60.19,95952,474,2207.477,10.905,43.46682198,0
12/11/2021,3728246,10606,85772.224,244.002,60.19,96427,475,2218.405,10.928,43.46682208,0
12/12/2021,3733967,5721,85903.842,131.618,60.19,96695,268,2224.57,6.166,43.46682189,0
12/13/2021,3738390,4423,86005.598,101.756,60.19,96910,215,2229.517,4.946,43.46682178,0
12/14/2021,3746106,7716,86183.112,177.515,60.19,97328,418,2239.133,9.617,43.46682213,0
12/15/2021,3754567,8461,86377.766,194.654,60.19,97714,386,2248.013,8.88,43.46682224,0
12/16/2021,3764485,9918,86605.941,228.174,51.85,98097,383,2256.825,8.811,43.46682175,0
12/17/2021,3773700,9215,86817.941,212.001,51.85,98453,356,2265.015,8.19,43.46682214,0
12/18/2021,3781506,7806,86997.527,179.585,51.85,98769,316,2272.285,7.27,43.46682176,0
12/19/2021,3785395,3889,87086.997,89.471,51.85,98972,203,2276.955,4.67,43.46682203,0
12/20/2021,3788209,2814,87151.736,64.739,51.85,99153,181,2281.119,4.164,43.46682205,0
12/21/2021,3794490,6281,87296.237,144.501,51.85,99528,375,2289.746,8.627,43.46682206,0
12/22/2021,3801079,6589,87447.824,151.587,51.85,99856,328,2297.292,7.546,43.466822,0
12/23/2021,3808612,7533,87621.129,173.305,51.85,100159,303,2304.263,6.971,43.4668218,0
12/24/2021,3815440,6828,87778.214,157.085,51.85,100433,274,2310.567,6.304,43.46682196,0
12/25/2021,3820891,5451,87903.62,125.406,51.85,100727,294,2317.331,6.764,43.46682196,0
12/26/2021,3823879,2988,87972.362,68.742,51.85,100891,164,2321.104,3.773,43.466822,0
12/27/2021,3825917,2038,88019.248,46.886,51.85,101049,158,2324.739,3.635,43.46682217,0
12/28/2021,3828336,2419,88074.9,55.652,51.85,101212,163,2328.489,3.75,43.46682199,0
12/29/2021,3833952,5616,88204.102,129.202,51.85,101548,336,2336.219,7.73,43.46682199,0
12/30/2021,3840041,6089,88344.186,140.084,51.85,101847,299,2343.097,6.879,43.46682191,0
12/31/2021,3847226,7185,88509.484,165.298,51.85,102088,241,2348.642,5.544,43.46682215,0
1/1/2022,3852397,5171,88628.449,118.964,51.85,102300,212,2353.519,4.877,43.46682181,0
1/2/2022,3854405,2008,88674.645,46.196,51.85,102421,121,2356.303,2.784,43.46682189,0
1/3/2022,3856359,1954,88719.599,44.954,51.85,102558,137,2359.455,3.152,43.4668218,0
1/4/2022,3858248,1889,88763.057,43.458,62.96,102717,159,2363.113,3.658,43.46682201,0
1/5/2022,3862959,4711,88871.439,108.382,62.96,103014,297,2369.946,6.833,43.46682178,0
1/6/2022,3869728,6769,89027.167,155.728,62.96,103225,211,2374.8,4.854,43.46682176,0
1/7/2022,3877032,7304,89195.203,168.036,62.96,103434,209,2379.608,4.808,43.46682186,0
1/8/2022,3880371,3339,89272.02,76.817,62.96,103523,89,2381.656,2.048,43.46682197,0
1/9/2022,3883316,2945,89339.773,67.753,62.96,103615,92,2383.772,2.117,43.46682188,0
1/10/2022,3885416,2100,89388.085,48.313,62.96,103716,101,2386.096,2.324,43.46682223,0
1/11/2022,3890974,5558,89515.953,127.868,62.96,103950,234,2391.479,5.383,43.46682205,0
1/12/2022,3898240,7266,89683.115,167.162,62.96,104159,209,2396.287,4.808,43.46682204,0
1/13/2022,3908469,10229,89918.444,235.329,62.96,104367,208,2401.073,4.785,43.466822,0
1/14/2022,3919151,10682,90164.195,245.751,62.96,104521,154,2404.616,3.543,43.46682184,0
1/15/2022,3929950,10799,90412.637,248.442,62.96,104663,142,2407.882,3.267,43.46682201,0
1/16/2022,3936582,6632,90565.213,152.576,62.96,104765,102,2410.229,2.347,43.46682208,0
1/17/2022,3941923,5341,90688.088,122.875,62.96,104856,91,2412.323,2.094,43.46682224,0
1/18/2022,3950774,8851,90891.715,203.627,75,105059,203,2416.993,4.67,43.46682203,0
1/19/2022,3963917,13143,91194.084,302.369,75,105236,177,2421.065,4.072,43.46682182,0
1/20/2022,3982738,18821,91627.081,432.997,75,105380,144,2424.378,3.313,43.46682178,0
1/21/2022,4003280,20542,92099.671,472.59,75,105545,165,2428.174,3.796,43.46682194,0
1/22/2022,4026198,22918,92626.924,527.253,75,105693,148,2431.579,3.405,43.46682181,0
1/23/2022,4042152,15954,92993.962,367.039,75,105791,98,2433.833,2.255,43.46682207,0
1/24/2022,4055643,13491,93304.337,310.375,75,105871,80,2435.674,1.84,43.46682191,0
1/25/2022,4075351,19708,93757.74,453.403,75,106047,176,2439.723,4.049,43.46682205,0
1/26/2022,4100292,24941,94331.534,573.794,75,106205,158,2443.358,3.635,43.46682203,0
1/27/2022,4133396,33104,95093.126,761.592,75,106373,168,2447.223,3.865,43.4668222,0
1/28/2022,4168560,35164,95902.111,808.985,75,106529,156,2450.812,3.589,43.46682212,0
1/29/2022,4206731,38171,96780.275,878.164,75,106690,161,2454.516,3.704,43.46682214,0
1/30/2022,4232143,25412,97364.905,584.63,75,106793,103,2456.885,2.37,43.46682205,0
1/31/2022,4255206,23063,97895.494,530.589,75,106880,87,2458.887,2.002,43.46682187,0
2/1/2022,4287117,31911,98629.64,734.146,75,107086,206,2463.626,4.739,43.46682194,0
2/2/2022,4323009,35892,99455.373,825.733,75,107303,217,2468.618,4.992,43.46682205,0
2/3/2022,4363754,40745,100392.755,937.382,75,107524,221,2473.703,5.084,43.46682188,0
2/4/2022,4408776,45022,101428.533,1035.779,75,107712,188,2478.028,4.325,43.4668221,0
2/5/2022,4452612,43836,102437.027,1008.493,75,107907,195,2482.514,4.486,43.46682182,0
2/6/2022,4481918,29306,103111.242,674.215,75,108027,120,2485.275,2.761,43.46682198,0
2/7/2022,4506669,24751,103680.665,569.423,75,108151,124,2488.128,2.853,43.4668219,0
2/8/2022,4542568,35899,104506.559,825.894,75,108417,266,2494.247,6.12,43.46682202,0
2/9/2022,4582137,39569,105416.886,910.327,75,108668,251,2500.022,5.775,43.46682181,0
2/10/2022,4625614,43477,106417.12,1000.234,75,108958,290,2506.693,6.672,43.46682188,0
2/11/2022,4668581,42967,107405.621,988.501,75,109206,248,2512.399,5.706,43.46682191,0
2/12/2022,4708604,40023,108326.392,920.771,75,109483,277,2518.772,6.373,43.46682201,0
2/13/2022,4735258,26654,108939.595,613.203,75,109635,152,2522.269,3.497,43.46682214,0
2/14/2022,4753922,18664,109368.98,429.385,75,109788,153,2525.789,3.52,43.46682213,0
2/15/2022,4785138,31216,110087.137,718.157,75,110105,317,2533.081,7.293,43.4668221,0
2/16/2022,4818112,32974,110845.739,758.602,75,110427,322,2540.489,7.408,43.46682194,0
2/17/2022,4853339,35227,111656.173,810.434,75,110698,271,2546.724,6.235,43.46682203,0
2/18/2022,4890332,36993,112507.236,851.063,75,110989,291,2553.419,6.695,43.46682199,0
2/19/2022,4923680,33348,113274.442,767.206,75,111261,272,2559.676,6.258,43.46682193,0
2/20/2022,4943428,19748,113728.765,454.324,75,111423,162,2563.403,3.727,43.46682214,0
2/21/2022,4959461,16033,114097.621,368.856,75,111561,138,2566.578,3.175,43.46682215,0
2/22/2022,4986161,26700,114711.883,614.262,75,111862,301,2573.503,6.925,43.466822,0
2/23/2022,5012980,26819,115328.882,616.999,75,112173,311,2580.658,7.155,43.46682213,0
2/24/2022,5039799,25789,116159.6232,594.3968246,63.89,112449,276,2591.776669,6.361375919,43.38684013,79982
2/25/2022,5065588,11664,117026.3587,269.4643639,63.89,112608,159,2601.495464,3.673253932,43.28587213,180950
2/26/2022,5077252,5764,117684.9055,133.6029402,63.89,112730,122,2612.952714,2.827820732,43.14276313,324059
2/27/2022,5083016,4943,118277.8379,115.0197742,63.89,112825,95,2625.350197,2.210576279,42.97521913,491603
2/28/2022,5087959,3481,118840.1562,81.3061944,63.89,112892,67,2636.833927,1.564928189,42.81346613,653356
3/1/2022,5091440,6667,119383.9912,156.327693,63.89,113073,181,2651.333617,4.24408466,42.64759413,819228
3/2/2022,5098107,6879,120019.5009,161.945237,63.89,113183,110,2664.551208,2.589617106,42.47732213,989500
3/3/2022,5104986,6536,120703.7929,154.5391095,63.89,113316,133,2679.276886,3.144691181,42.29350113,1173321
3/4/2022,5111522,6901,121346.3196,163.8281027,63.89,113429,113,2692.777549,2.682593191,42.12342013,1343402
3/5/2022,5118423,6370,122080.407,151.9319901,63.89,113527,98,2707.75244,2.337415232,41.92665413,1540168
3/6/2022,5124793,3431,122825.6286,82.23058601,63.89,113583,56,2722.237438,1.342148883,41.72413413,1742688
3/7/2022,5128224,2747,123516.1812,66.16305171,63.89,113623,40,2736.674345,0.963422668,41.51864113,1948181
3/8/2022,5130971,4332,124126.9721,104.7984959,63.89,113683,60,2750.186383,1.451502713,41.33647113,2130351
3/9/2022,5135303,3022,124740.1952,73.40654873,63.89,113728,45,2762.534737,1.093082294,41.16798913,2298833
3/10/2022,5138325,6112,125216.971,148.944671,63.89,113843,115,2774.265082,2.802460269,41.03537213,2431450
3/11/2022,5144437,5858,125729.2695,143.1686423,63.89,113929,86,2784.40769,2.101827114,40.91678113,2550041
3/12/2022,5150295,5834,126224.5187,142.9809054,63.89,114028,99,2794.622331,2.42631293,40.80265113,2664171
3/13/2022,5156129,3987,126754.707,98.01364874,63.89,114094,66,2804.807936,1.622498324,40.67800813,2788814
3/14/2022,5160116,2256,127199.6788,55.61163264,63.89,114128,34,2813.317557,0.838118577,40.56705213,2899770
3/15/2022,5162372,6120,127593.6505,151.2624702,63.89,114213,85,2822.898776,2.100867642,40.45947413,3007348
3/16/2022,5168492,5229,128065.4511,129.5647248,63.89,114284,71,2831.741253,1.759245642,40.35820713,3108615
3/17/2022,5173721,5144,128462.4753,127.7245088,75,114356,72,2839.436999,1.787745846,40.27418113,3192641
3/18/2022,5178865,5131,128843.0637,127.6522481,75,114421,65,2846.637669,1.617110919,40.19514013,3271682
3/19/2022,5183996,4763,129205.8315,118.7129341,75,114482,61,2853.347495,1.520363002,40.12199713,3344825
3/20/2022,5188759,2239,129517.4648,55.88804641,75,114515,33,2858.427706,0.823718415,40.06223413,3404588
3/21/2022,5190998,1731,129764.6852,43.27157708,75,114541,26,2863.298504,0.649948587,40.00316413,3463658
3/22/2022,5192729,4442,130018.2805,111.2211328,75,114604,63,2869.515242,1.577427143,39.93845313,3528369
3/23/2022,5197171,4221,130333.8145,105.8535559,75,114668,64,2875.625573,1.604981657,39.87584513,3590977
3/24/2022,5201392,3855,130659.8502,96.83825453,75,114723,55,2881.861239,1.381609338,39.80864813,3658174