date,total_cases,new_cases,total_cases_per_million,new_cases_per_million,stringency_index,total_deaths,new_deaths,total_deaths_per_million,new_deaths_per_million,population_millions,refugees
3/4/2020,1,1,0.026,0.026,11.11,,,,,38.46153846,0
3/5/2020,1,0,0.026,0,11.11,,,,,38.46153846,0
3/6/2020,5,4,0.132,0.106,11.11,,,,,37.87878788,0
3/7/2020,5,0,0.132,0,11.11,,,,,37.87878788,0
3/8/2020,11,6,0.291,0.159,11.11,,,,,37.80068729,0
3/9/2020,16,5,0.423,0.132,13.89,,,,,37.8250591,0
3/11/2020,31,9,0.82,0.238,25,,,,,37.80487805,0
3/12/2020,49,18,1.296,0.476,41.67,1,1,0.026,0.026,37.80864198,0
3/13/2020,68,19,1.799,0.503,41.67,2,1,0.053,0.026,37.7987771,0
3/14/2020,103,35,2.725,0.926,49.07,3,1,0.079,0.026,37.79816514,0
3/15/2020,119,16,3.148,0.423,57.41,3,0,0.079,0,37.80177891,0
3/16/2020,177,58,4.683,1.535,57.41,4,1,0.106,0.026,37.79628443,0
3/17/2020,238,61,6.297,1.614,57.41,5,1,0.132,0.026,37.79577577,0
3/18/2020,251,13,6.641,0.344,57.41,5,0,0.132,0,37.79551272,0
3/19/2020,355,104,9.392,2.752,57.41,5,0,0.132,0,37.79812606,0
3/20/2020,425,70,11.244,1.852,57.41,5,0,0.132,0,37.79793668,0
3/21/2020,536,111,14.181,2.937,57.41,5,0,0.132,0,37.79705239,0
3/22/2020,634,98,16.774,2.593,57.41,7,2,0.185,0.053,37.79658996,0
3/23/2020,749,115,19.816,3.043,57.41,8,1,0.212,0.026,37.7977392,0
3/24/2020,901,152,23.838,4.021,57.41,10,2,0.265,0.053,37.79679503,0
3/25/2020,1051,150,27.806,3.969,57.41,14,4,0.37,0.106,37.79759764,0
3/26/2020,1221,170,32.304,4.498,57.41,16,2,0.423,0.053,37.79717682,0
3/27/2020,1389,168,36.749,4.445,57.41,16,0,0.423,0,37.79694686,0
3/28/2020,1638,249,43.337,6.588,57.41,18,2,0.476,0.053,37.79680181,0
3/29/2020,1862,224,49.263,5.926,57.41,22,4,0.582,0.106,37.79712969,0
3/30/2020,2055,193,54.369,5.106,57.41,31,9,0.82,0.238,37.79727418,0
3/31/2020,2311,256,61.142,6.773,81.48,33,2,0.873,0.053,37.79725884,0
4/1/2020,2554,243,67.572,6.429,81.48,43,10,1.138,0.265,37.79672054,0
4/2/2020,2946,392,77.943,10.371,81.48,57,14,1.508,0.37,37.79685155,0
4/3/2020,3383,437,89.504,11.562,81.48,71,14,1.878,0.37,37.79719342,0
4/4/2020,3627,244,95.96,6.456,81.48,79,8,2.09,0.212,37.79699875,0
4/5/2020,4102,475,108.527,12.567,81.48,94,15,2.487,0.397,37.7970459,0
4/6/2020,4413,311,116.755,8.228,81.48,107,13,2.831,0.344,37.79709648,0
4/7/2020,4848,435,128.264,11.509,81.48,129,22,3.413,0.582,37.7970436,0
4/8/2020,5205,357,137.709,9.445,81.48,159,30,4.207,0.794,37.79709387,0
4/9/2020,5575,370,147.498,9.789,87.04,174,15,4.604,0.397,37.79712267,0
4/10/2020,5955,380,157.552,10.054,87.04,181,7,4.789,0.185,37.79704479,0
4/11/2020,6356,401,168.161,10.609,87.04,208,27,5.503,0.714,37.7971111,0
4/12/2020,6674,318,176.575,8.413,87.04,232,24,6.138,0.635,37.79697013,0
4/13/2020,6934,260,183.454,6.879,87.04,245,13,6.482,0.344,37.79694092,0
4/14/2020,7202,268,190.544,7.091,87.04,263,18,6.958,0.476,37.79704425,0
4/15/2020,7582,380,200.598,10.054,87.04,286,23,7.567,0.609,37.79698701,0
4/16/2020,7918,336,209.488,8.89,87.04,314,28,8.308,0.741,37.79691438,0
4/17/2020,8379,461,221.684,12.197,87.04,332,18,8.784,0.476,37.79704444,0
4/18/2020,8742,363,231.288,9.604,87.04,347,15,9.181,0.397,37.79703227,0
4/19/2020,9287,545,245.707,14.419,87.04,360,13,9.525,0.344,37.79705096,0
4/20/2020,9593,306,253.803,8.096,83.33,380,20,10.054,0.529,37.79703156,0
4/21/2020,9856,263,260.761,6.958,83.33,401,21,10.609,0.556,37.79706321,0
4/22/2020,10169,313,269.043,8.281,83.33,426,25,11.271,0.661,37.79693209,0
4/23/2020,10511,342,278.091,9.048,83.33,454,28,12.012,0.741,37.79698013,0
4/24/2020,10892,381,288.171,10.08,83.33,494,40,13.07,1.058,37.79700247,0
4/25/2020,11273,381,298.251,10.08,83.33,524,30,13.864,0.794,37.79702331,0
4/26/2020,11617,344,307.352,9.101,83.33,535,11,14.155,0.291,37.79705354,0
4/27/2020,11902,285,314.893,7.54,83.33,562,27,14.869,0.714,37.79696595,0
4/28/2020,12218,316,323.253,8.36,83.33,596,34,15.768,0.9,37.79701967,0
4/29/2020,12640,422,334.418,11.165,83.33,624,28,16.509,0.741,37.79700853,0
4/30/2020,12877,237,340.688,6.27,83.33,644,20,17.038,0.529,37.79704598,0
5/1/2020,13105,228,346.721,6.032,83.33,651,7,17.224,0.185,37.79696067,0
5/2/2020,13375,270,353.864,7.143,83.33,664,13,17.568,0.344,37.79700676,0
5/3/2020,13693,318,362.277,8.413,83.33,678,14,17.938,0.37,37.7970448,0
5/4/2020,14006,313,370.559,8.281,83.33,698,20,18.467,0.529,37.79695001,0
5/5/2020,14431,425,381.803,11.244,83.33,716,18,18.943,0.476,37.79697907,0
5/6/2020,14740,309,389.978,8.175,83.33,733,17,19.393,0.45,37.79700393,0
5/7/2020,15047,307,398.1,8.122,83.33,755,22,19.975,0.582,37.79703592,0
5/8/2020,15366,319,406.54,8.44,83.33,776,21,20.531,0.556,37.79701874,0
5/9/2020,15651,285,414.08,7.54,83.33,785,9,20.769,0.238,37.79704405,0
5/10/2020,15996,345,423.208,9.128,83.33,800,15,21.166,0.397,37.79701707,0
5/11/2020,16326,330,431.939,8.731,83.33,811,11,21.457,0.291,37.79700374,0
5/12/2020,16921,595,447.681,15.742,83.33,839,28,22.198,0.741,37.79700278,0
5/13/2020,17204,283,455.168,7.487,83.33,861,22,22.78,0.582,37.79703318,0
5/14/2020,17615,411,466.042,10.874,83.33,883,22,23.362,0.582,37.79702259,0
5/15/2020,18016,401,476.652,10.609,83.33,907,24,23.997,0.635,37.79696718,0
5/16/2020,18257,241,483.028,6.376,83.33,915,8,24.208,0.212,37.79698071,0
5/17/2020,18529,272,490.224,7.196,83.33,925,10,24.473,0.265,37.79700708,0
5/18/2020,18885,356,499.643,9.419,83.33,936,11,24.764,0.291,37.79698705,0
5/19/2020,19268,383,509.776,10.133,83.33,948,12,25.081,0.317,37.79699319,0
5/20/2020,19739,471,522.237,12.461,83.33,962,14,25.452,0.37,37.79701553,0
5/21/2020,20143,404,532.926,10.689,83.33,972,10,25.716,0.265,37.79699245,0
5/22/2020,20619,476,545.519,12.594,83.33,982,10,25.981,0.265,37.79703365,0
5/23/2020,20931,312,553.774,8.255,83.33,993,11,26.272,0.291,37.79700744,0
5/24/2020,21326,395,564.225,10.451,83.33,996,3,26.351,0.079,37.79697816,0
5/25/2020,21631,305,572.294,8.069,79.63,1007,11,26.642,0.291,37.79700643,0
5/26/2020,22074,443,584.015,11.721,79.63,1024,17,27.092,0.45,37.79697439,0
5/27/2020,22473,399,594.571,10.556,79.63,1028,4,27.198,0.106,37.79699985,0
5/28/2020,22825,352,603.884,9.313,79.63,1038,10,27.462,0.265,37.79699412,0
5/29/2020,23155,330,612.615,8.731,79.63,1051,13,27.806,0.344,37.79698506,0
5/30/2020,23571,416,623.621,11.006,64.81,1061,10,28.071,0.265,37.79699529,0
5/31/2020,23786,215,629.309,5.688,64.81,1064,3,28.15,0.079,37.79701228,0
6/1/2020,24165,379,639.336,10.027,64.81,1074,10,28.415,0.265,37.79702692,0
6/2/2020,24395,230,645.422,6.085,53.7,1092,18,28.891,0.476,37.79697624,0
6/3/2020,24687,292,653.147,7.725,53.7,1115,23,29.5,0.609,37.79700435,0
6/4/2020,25048,361,662.698,9.551,53.7,1117,2,29.553,0.053,37.79700557,0
6/5/2020,25410,362,672.276,9.577,53.7,1137,20,30.082,0.529,37.79697624,0
6/6/2020,25986,576,687.515,15.239,53.7,1153,16,30.505,0.423,37.79699352,0
6/7/2020,26561,575,702.728,15.213,53.7,1157,4,30.611,0.106,37.79698546,0
6/8/2020,27160,599,718.576,15.848,53.7,1166,9,30.849,0.238,37.79697624,0
6/9/2020,27560,400,729.158,10.583,53.7,1183,17,31.299,0.45,37.79702067,0
6/10/2020,27842,282,736.619,7.461,53.7,1206,23,31.907,0.609,37.79701583,0
6/11/2020,28201,359,746.117,9.498,53.7,1215,9,32.145,0.238,37.79702111,0
6/12/2020,28577,376,756.065,9.948,53.7,1222,7,32.331,0.185,37.79701481,0
6/13/2020,29017,440,767.706,11.641,53.7,1237,15,32.727,0.397,37.79702126,0
6/14/2020,29392,375,777.628,9.921,53.7,1247,10,32.992,0.265,37.79699291,0
6/15/2020,29788,396,788.105,10.477,50.93,1256,9,33.23,0.238,37.79699406,0
6/16/2020,30195,407,798.873,10.768,50.93,1272,16,33.653,0.423,37.79699652,0
6/17/2020,30701,506,812.26,13.387,50.93,1286,14,34.024,0.37,37.79701081,0
6/18/2020,31015,314,820.568,8.308,50.93,1316,30,34.818,0.794,37.7969894,0
6/19/2020,31316,301,828.531,7.964,50.93,1334,18,35.294,0.476,37.79701665,0
6/20/2020,31620,304,836.574,8.043,50.93,1346,12,35.611,0.317,37.79701497,0
6/21/2020,31931,311,844.802,8.228,50.93,1356,10,35.876,0.265,37.79702226,0
6/22/2020,32227,296,852.634,7.831,50.93,1359,3,35.955,0.079,37.79699144,0
6/23/2020,32527,300,860.571,7.937,50.93,1375,16,36.379,0.423,37.79699757,0
6/24/2020,32821,294,868.349,7.778,50.93,1396,21,36.934,0.556,37.79701479,0
6/25/2020,33119,298,876.234,7.884,50.93,1412,16,37.357,0.423,37.79698117,0
6/26/2020,33395,276,883.536,7.302,50.93,1429,17,37.807,0.45,37.79698846,0
6/27/2020,33714,319,891.976,8.44,50.93,1435,6,37.966,0.159,37.79698108,0
6/28/2020,33907,193,897.082,5.106,50.93,1438,3,38.045,0.079,37.79699069,0
6/29/2020,34154,247,903.617,6.535,50.93,1444,6,38.204,0.159,37.796987,0
6/30/2020,34393,239,909.94,6.323,50.93,1463,19,38.707,0.503,37.7969976,0
7/1/2020,34775,382,920.047,10.107,50.93,1477,14,39.077,0.37,37.79698211,0
7/2/2020,35146,371,929.862,9.816,50.93,1492,15,39.474,0.397,37.79700644,0
7/3/2020,35405,259,936.715,6.852,50.93,1507,15,39.871,0.397,37.79698201,0
7/4/2020,35719,314,945.022,8.308,50.93,1512,5,40.003,0.132,37.79700367,0
7/5/2020,35950,231,951.134,6.112,50.93,1517,5,40.135,0.132,37.7969876,0
7/6/2020,36155,205,956.557,5.424,50.93,1521,4,40.241,0.106,37.79701576,0
7/7/2020,36412,257,963.357,6.799,50.93,1528,7,40.426,0.185,37.7969953,0
7/8/2020,36689,277,970.686,7.329,50.93,1542,14,40.797,0.37,37.79698069,0
7/9/2020,36951,262,977.617,6.932,39.81,1551,9,41.035,0.238,37.79701049,0
7/10/2020,37216,265,984.628,7.011,39.81,1562,11,41.326,0.291,37.79701573,0
7/11/2020,37521,305,992.698,8.069,39.81,1568,6,41.485,0.159,37.79699365,0
7/12/2020,37891,370,1002.487,9.789,39.81,1571,3,41.564,0.079,37.79699886,0
7/13/2020,38190,299,1010.398,7.911,39.81,1576,5,41.696,0.132,37.79698693,0
7/14/2020,38457,267,1017.462,7.064,39.81,1588,12,42.014,0.317,37.79698898,0
7/15/2020,38721,264,1024.446,6.985,39.81,1594,6,42.173,0.159,37.79701419,0
7/16/2020,39054,333,1033.257,8.81,39.81,1605,11,42.464,0.291,37.79698565,0
7/17/2020,39407,353,1042.596,9.339,39.81,1612,7,42.649,0.185,37.79699903,0
7/18/2020,39746,339,1051.565,8.969,39.81,1618,6,42.808,0.159,37.79699781,0
7/19/2020,40104,358,1061.037,9.472,39.81,1624,6,42.966,0.159,37.7969854,0
7/20/2020,40383,279,1068.418,7.382,39.81,1627,3,43.046,0.079,37.79700454,0
7/21/2020,40782,399,1078.975,10.556,39.81,1636,9,43.284,0.238,37.79698325,0
7/22/2020,41162,380,1089.028,10.054,39.81,1642,6,43.443,0.159,37.79700797,0
7/23/2020,41580,418,1100.087,11.059,39.81,1651,9,43.681,0.238,37.7970106,0
7/24/2020,42038,458,1112.205,12.117,39.81,1655,4,43.787,0.106,37.79698886,0
7/25/2020,42622,584,1127.656,15.451,39.81,1664,9,44.025,0.238,37.79698773,0
7/26/2020,43065,443,1139.376,11.721,39.81,1671,7,44.21,0.185,37.79700468,0
7/27/2020,43402,337,1148.292,8.916,39.81,1676,5,44.342,0.132,37.79700634,0
7/28/2020,43904,502,1161.574,13.281,39.81,1682,6,44.501,0.159,37.79698926,0
7/29/2020,44416,512,1175.12,13.546,39.81,1694,12,44.818,0.317,37.79699095,0
7/30/2020,45031,615,1191.391,16.271,39.81,1709,15,45.215,0.397,37.79699528,0
7/31/2020,45688,657,1208.773,17.382,39.81,1716,7,45.4,0.185,37.79700572,0
8/1/2020,46346,658,1226.182,17.409,39.81,1721,5,45.533,0.132,37.79699914,0
8/2/2020,46894,548,1240.68,14.499,39.81,1731,10,45.797,0.265,37.79701454,0
8/3/2020,47469,575,1255.893,15.213,39.81,1732,1,45.824,0.026,37.79700978,0
8/4/2020,48149,680,1273.884,17.991,39.81,1738,6,45.982,0.159,37.79700506,0
8/5/2020,48789,640,1290.817,16.933,39.81,1756,18,46.459,0.476,37.79699214,0
8/6/2020,49515,726,1310.025,19.208,39.81,1774,18,46.935,0.476,37.79698861,0
8/7/2020,50324,809,1331.428,21.404,39.81,1787,13,47.279,0.344,37.79701193,0
8/8/2020,51167,843,1353.732,22.303,39.81,1800,13,47.623,0.344,37.79699379,0
8/9/2020,51791,624,1370.241,16.509,39.81,1807,7,47.808,0.185,37.79700067,0
8/10/2020,52410,619,1386.618,16.377,39.81,1809,2,47.861,0.053,37.79699961,0
8/11/2020,52961,551,1401.196,14.578,39.81,1821,12,48.178,0.317,37.79699628,0
8/12/2020,53676,715,1420.113,18.917,39.81,1830,9,48.417,0.238,37.79699221,0
8/13/2020,54487,811,1441.569,21.457,39.81,1844,14,48.787,0.37,37.79701145,0
8/14/2020,55319,832,1463.582,22.012,39.81,1858,14,49.157,0.37,37.79699395,0
8/15/2020,56090,771,1483.98,20.398,39.81,1869,11,49.448,0.291,37.79700535,0
8/16/2020,56684,594,1499.696,15.716,39.81,1877,8,49.66,0.212,37.79699352,0
8/17/2020,57279,595,1515.438,15.742,39.81,1885,8,49.872,0.212,37.79699334,0
8/18/2020,57876,597,1531.233,15.795,39.81,1896,11,50.163,0.291,37.79699105,0
8/19/2020,58611,735,1550.679,19.446,39.81,1913,17,50.612,0.45,37.79699087,0
8/20/2020,59378,767,1570.971,20.293,39.81,1925,12,50.93,0.317,37.7970058,0
8/21/2020,60281,903,1594.862,23.891,39.81,1938,13,51.274,0.344,37.79700062,0
8/22/2020,61181,900,1618.673,23.811,39.81,1951,13,51.618,0.344,37.79701027,0
8/23/2020,61762,581,1634.045,15.372,39.81,1955,4,51.724,0.106,37.79700069,0
8/24/2020,62310,548,1648.544,14.499,39.81,1960,5,51.856,0.132,37.79698934,0
8/25/2020,63073,763,1668.73,20.187,39.81,1977,17,52.306,0.45,37.7970073,0
8/26/2020,63802,729,1688.018,19.287,39.81,1994,17,52.756,0.45,37.79699032,0
8/27/2020,64689,887,1711.485,23.467,39.81,2010,16,53.179,0.423,37.79700085,0
8/28/2020,65480,791,1732.413,20.928,39.81,2018,8,53.39,0.212,37.79699183,0
8/29/2020,66239,759,1752.494,20.081,39.81,2032,14,53.761,0.37,37.79699103,0
8/30/2020,66870,631,1769.188,16.694,39.81,2033,1,53.787,0.026,37.79700066,0
8/31/2020,67372,502,1782.47,13.281,39.81,2039,6,53.946,0.159,37.79698957,0
9/1/2020,67922,550,1797.021,14.551,36.11,2058,19,54.449,0.503,37.79699848,0
9/2/2020,68517,595,1812.763,15.742,36.11,2078,20,54.978,0.529,37.79699828,0
9/3/2020,69129,612,1828.955,16.192,36.11,2092,14,55.348,0.37,37.79699337,0
9/4/2020,69820,691,1847.237,18.282,36.11,2100,8,55.56,0.212,37.79699086,0
9/5/2020,70387,567,1862.238,15.001,36.11,2113,13,55.904,0.344,37.7969948,0
9/6/2020,70824,437,1873.8,11.562,36.11,2120,7,56.089,0.185,37.79699007,0
9/7/2020,71126,302,1881.79,7.99,36.11,2124,4,56.195,0.106,37.79699116,0
9/8/2020,71526,400,1892.372,10.583,36.11,2136,12,56.512,0.317,37.7970082,0
9/9/2020,71947,421,1903.511,11.138,36.11,2147,11,56.803,0.291,37.79699723,0
9/10/2020,72453,506,1916.898,13.387,36.11,2159,12,57.121,0.317,37.79700328,0
9/11/2020,73047,594,1932.614,15.716,36.11,2169,10,57.386,0.265,37.79699412,0
9/12/2020,73650,603,1948.567,15.954,36.11,2182,13,57.729,0.344,37.79700672,0
9/13/2020,74152,502,1961.849,13.281,36.11,2188,6,57.888,0.159,37.79699661,0
9/14/2020,74529,377,1971.823,9.974,36.11,2203,15,58.285,0.397,37.79700308,0
9/15/2020,75134,605,1987.83,16.007,36.11,2227,24,58.92,0.635,37.79699471,0
9/16/2020,75734,600,2003.704,15.874,36.11,2237,10,59.185,0.265,37.79699996,0
9/17/2020,76571,837,2025.849,22.145,36.11,2253,16,59.608,0.423,37.79699277,0
9/18/2020,77328,757,2045.877,20.028,23.15,2270,17,60.058,0.45,37.79699366,0
9/19/2020,78330,1002,2072.387,26.51,23.15,2282,12,60.375,0.317,37.79699448,0
9/20/2020,79240,910,2096.463,24.076,23.15,2293,11,60.666,0.291,37.79699427,0
9/21/2020,79988,748,2116.253,19.79,23.15,2298,5,60.798,0.132,37.79699308,0
9/22/2020,80699,711,2135.064,18.811,23.15,2316,18,61.275,0.476,37.79699344,0
9/23/2020,81673,974,2160.833,25.769,23.15,2344,28,62.016,0.741,37.79699773,0
9/24/2020,82809,1136,2190.888,30.055,23.15,2369,25,62.677,0.661,37.79700286,0
9/25/2020,84396,1587,2232.876,41.987,23.15,2392,23,63.285,0.609,37.79699365,0
9/26/2020,85980,1584,2274.784,41.908,23.15,2424,32,64.132,0.847,37.79699523,0
9/27/2020,87330,1350,2310.501,35.717,23.15,2432,8,64.344,0.212,37.79699727,0
9/28/2020,88636,1306,2345.054,34.553,23.15,2447,15,64.741,0.397,37.79699743,0
9/29/2020,89962,1326,2380.136,35.082,23.15,2483,36,65.693,0.952,37.79699984,0
9/30/2020,91514,1552,2421.197,41.061,23.15,2513,30,66.487,0.794,37.79700702,0
10/1/2020,93481,1967,2473.239,52.041,23.15,2543,30,67.28,0.794,37.79699414,0
10/2/2020,95773,2292,2533.878,60.64,23.15,2570,27,67.995,0.714,37.79700522,0
10/3/2020,98140,2367,2596.502,62.624,23.15,2604,34,68.894,0.9,37.79700536,0
10/4/2020,100074,1934,2647.67,51.168,23.15,2630,26,69.582,0.688,37.79700642,0
10/5/2020,102080,2006,2700.743,53.073,23.15,2659,29,70.349,0.767,37.79700623,0
10/6/2020,104316,2236,2759.902,59.158,23.15,2717,58,71.884,1.535,37.79699424,0
10/7/2020,107319,3003,2839.352,79.451,23.15,2792,75,73.868,1.984,37.79700439,0
10/8/2020,111599,4280,2952.589,113.237,23.15,2867,75,75.853,1.984,37.79699782,0
10/9/2020,116338,4739,3077.969,125.38,23.15,2919,52,77.228,1.376,37.79700185,0
10/10/2020,121638,5300,3218.192,140.223,37.04,2972,53,78.631,1.402,37.79699906,0
10/11/2020,125816,4178,3328.73,110.538,37.04,3004,32,79.477,0.847,37.79699765,0
10/12/2020,130210,4394,3444.982,116.253,37.04,3039,35,80.403,0.926,37.79700445,0
10/13/2020,135278,5068,3579.067,134.085,37.04,3101,62,82.044,1.64,37.79700129,0
10/14/2020,141804,6526,3751.726,172.659,37.04,3217,116,85.113,3.069,37.7970033,0
10/15/2020,149903,8099,3966.003,214.276,37.04,3308,91,87.52,2.408,37.79699612,0
10/16/2020,157608,7705,4169.855,203.852,37.04,3440,132,91.013,3.492,37.79699774,0
10/17/2020,167230,9622,4424.425,254.57,32.87,3524,84,93.235,2.222,37.79700187,0
10/18/2020,175766,8536,4650.263,225.838,32.87,3573,49,94.531,1.296,37.79700202,0
10/19/2020,183248,7482,4848.215,197.952,34.72,3614,41,95.616,1.085,37.79700364,0
10/20/2020,192539,9291,5094.029,245.813,34.72,3721,107,98.447,2.831,37.79699723,0
10/21/2020,202579,10040,5359.658,265.63,34.72,3851,130,101.886,3.439,37.79700123,0
10/22/2020,214686,12107,5679.975,320.316,34.72,4019,168,106.331,4.445,37.79699735,0
10/23/2020,228318,13632,6040.638,360.664,34.72,4172,153,110.379,4.048,37.79700091,0
10/24/2020,241946,13628,6401.196,360.558,71.3,4351,179,115.115,4.736,37.79699919,0
10/25/2020,253688,11742,6711.855,310.66,71.3,4438,87,117.417,2.302,37.79700247,0
10/26/2020,263929,10241,6982.803,270.947,71.3,4483,45,118.607,1.191,37.79699929,0
10/27/2020,280229,16300,7414.054,431.251,71.3,4615,132,122.1,3.492,37.79700013,0
10/28/2020,299049,18820,7911.977,497.923,71.3,4849,234,128.291,6.191,37.79700067,0
10/29/2020,319205,20156,8445.247,533.27,71.3,5149,300,136.228,7.937,37.7969999,0
10/30/2020,340834,21629,9017.488,572.241,71.3,5351,202,141.572,5.344,37.79700067,0
10/31/2020,362731,21897,9596.82,579.332,71.3,5631,280,148.98,7.408,37.79699942,0
11/1/2020,379902,17171,10051.115,454.295,71.3,5783,152,153.002,4.021,37.79700063,0
11/2/2020,395480,15578,10463.264,412.149,71.3,5875,92,155.436,2.434,37.79700101,0
11/3/2020,414844,19364,10975.58,512.316,71.3,6102,227,161.441,6.006,37.79700025,0
11/4/2020,439536,24692,11628.859,653.279,71.3,6475,373,171.31,9.869,37.79700141,0
11/5/2020,466679,27143,12346.985,718.126,71.3,6842,367,181.02,9.71,37.79700064,0
11/6/2020,493765,27086,13063.603,716.618,71.3,7287,445,192.793,11.773,37.7969998,0
11/7/2020,521640,27875,13801.095,737.492,75,7636,349,202.027,9.234,37.79700089,0
11/8/2020,546425,24785,14456.835,655.74,75,7872,236,208.27,6.244,37.79700052,0
11/9/2020,568138,21713,15031.299,574.464,75,8045,173,212.848,4.577,37.79699945,0
11/10/2020,593592,25454,15704.738,673.44,75,8375,330,221.578,8.731,37.79700113,0
11/11/2020,618813,25221,16372.014,667.275,75,8805,430,232.955,11.377,37.7969992,0
11/12/2020,641496,22683,16972.141,600.127,75,9080,275,240.231,7.276,37.79699921,0
11/13/2020,665547,24051,17608.461,636.32,75,9499,419,251.316,11.086,37.79699998,0
11/14/2020,691118,25571,18284.996,676.535,75,10045,546,265.762,14.446,37.79700034,0
11/15/2020,712972,21854,18863.19,578.194,75,10348,303,273.778,8.017,37.7970004,0
11/16/2020,733788,20816,19413.922,550.732,75,10491,143,277.562,3.783,37.79699949,0
11/17/2020,752940,19152,19920.629,506.707,75,10848,357,287.007,9.445,37.79699928,0
11/18/2020,772823,19883,20446.676,526.047,75,11451,603,302.961,15.954,37.79699938,0
11/19/2020,796798,23975,21080.985,634.31,75,12088,637,319.814,16.853,37.79700047,0
11/20/2020,819262,22464,21675.318,594.333,75,12714,626,336.376,16.562,37.79700026,0
11/21/2020,843475,24213,22315.925,640.606,75,13288,574,351.562,15.186,37.79699923,0
11/22/2020,861331,17856,22788.343,472.418,75,13618,330,360.293,8.731,37.79699998,0
11/23/2020,876333,15002,23185.253,396.91,75,13774,156,364.42,4.127,37.79699967,0
11/24/2020,909066,32733,24051.274,866.021,75,14314,540,378.707,14.287,37.79699986,0
11/25/2020,924422,15356,24457.55,406.276,75,14988,674,396.539,17.832,37.79699929,0
11/26/2020,941112,16690,24899.119,441.569,75,15568,580,411.885,15.345,37.79699997,0
11/27/2020,958416,17304,25356.933,457.814,75,16147,579,427.203,15.319,37.79700013,0
11/28/2020,973593,15177,25758.473,401.54,75,16746,599,443.051,15.848,37.79699985,0
11/29/2020,985075,11482,26062.254,303.781,75,17029,283,450.538,7.487,37.79699945,0
11/30/2020,990811,5736,26214.012,151.758,75,17150,121,453.74,3.201,37.79699956,0
12/1/2020,999924,9113,26455.115,241.104,75,17599,449,465.619,11.879,37.79700069,0
12/2/2020,1013747,13823,26820.832,365.717,75,18208,609,481.731,16.112,37.79700048,0
12/3/2020,1028610,14863,27214.065,393.232,75,18828,620,498.135,16.403,37.79699946,0
12/4/2020,1041846,13236,27564.251,350.187,75,19359,531,512.184,14.049,37.79700018,0
12/5/2020,1054273,12427,27893.034,328.783,75,19861,502,525.465,13.281,37.79699978,0
12/6/2020,1063449,9176,28135.804,242.771,75,20089,228,531.497,6.032,37.79700058,0
12/7/2020,1067870,4421,28252.771,116.967,75,20181,92,533.931,2.434,37.79700051,0
12/8/2020,1076180,8310,28472.63,219.859,75,20592,411,544.805,10.874,37.79700014,0
12/9/2020,1088346,12166,28794.508,321.877,75,21160,568,559.833,15.028,37.79699934,0
12/10/2020,1102096,13750,29158.293,363.785,75,21630,470,572.268,12.435,37.79699998,0
12/11/2020,1115201,13105,29505.014,346.721,75,22174,544,586.66,14.393,37.79699952,0
12/12/2020,1126700,11499,29809.244,304.23,75,22676,502,599.942,13.281,37.79700015,0
12/13/2020,1135676,8976,30046.723,237.479,75,22864,188,604.916,4.974,37.79700036,0
12/14/2020,1140572,4896,30176.257,129.534,75,22960,96,607.456,2.54,37.79700047,0
12/15/2020,1147446,6874,30358.124,181.866,75,23309,349,616.689,9.234,37.79699958,0
12/16/2020,1159901,12455,30687.647,329.524,75,23914,605,632.696,16.007,37.79700021,0
12/17/2020,1171854,11953,31003.889,316.242,75,24345,431,644.099,11.403,37.79700024,0
12/18/2020,1182864,11010,31295.182,291.293,75,24771,426,655.369,11.271,37.79700019,0
12/19/2020,1194110,11246,31592.719,297.537,75,25254,483,668.148,12.779,37.797,0
12/20/2020,1202700,8590,31819.986,227.267,75,25397,143,671.932,3.783,37.79699966,0
12/21/2020,1207333,4633,31942.562,122.576,75,25474,77,673.969,2.037,37.7969995,0
12/22/2020,1214525,7192,32132.841,190.28,75,25783,309,682.144,8.175,37.79700027,0
12/23/2020,1226883,12358,32459.798,326.957,75,26255,472,694.632,12.488,37.79700046,0
12/24/2020,1239998,13115,32806.784,346.985,75,26752,497,707.781,13.149,37.79699955,0
12/25/2020,1249079,9081,33047.041,240.257,75,26992,240,714.131,6.35,37.79699974,0
12/26/2020,1253957,4878,33176.099,129.058,75,27061,69,715.956,1.826,37.79699958,0
12/27/2020,1257799,3842,33277.747,101.648,75,27118,57,717.464,1.508,37.7969999,0
12/28/2020,1261010,3211,33362.701,84.954,75,27147,29,718.232,0.767,37.79699971,0
12/29/2020,1268634,7624,33564.41,201.709,75,27454,307,726.354,8.122,37.79699986,0
12/30/2020,1281414,12780,33902.532,338.122,75,28019,565,741.302,14.948,37.79699994,0
12/31/2020,1294878,13464,34258.751,356.219,80.56,28554,535,755.457,14.155,37.79699966,0
1/1/2021,1305774,10896,34547.028,288.277,80.56,28956,402,766.093,10.636,37.7969995,0
1/2/2021,1312780,7006,34732.386,185.359,75,29058,102,768.791,2.699,37.79700018,0
1/3/2021,1318562,5782,34885.361,152.975,75,29119,61,770.405,1.614,37.79700029,0
1/4/2021,1322947,4385,35001.376,116.014,75,29161,42,771.516,1.111,37.79699975,0
1/5/2021,1330543,7596,35202.344,200.968,75,29502,341,780.538,9.022,37.79700011,0
1/6/2021,1344763,14220,35578.564,376.22,75,30055,553,795.169,14.631,37.79700046,0
1/7/2021,1356882,12119,35899.198,320.634,75,30241,186,800.09,4.921,37.79700037,0
1/8/2021,1365645,8763,36131.042,231.844,75,30574,333,808.9,8.81,37.79700015,0
1/9/2021,1376389,10744,36415.298,284.255,75,31011,437,820.462,11.562,37.79699949,0
1/10/2021,1385522,9133,36656.93,241.633,75,31189,178,825.171,4.709,37.79700046,0
1/11/2021,1390385,4863,36785.591,128.661,75,31264,75,827.156,1.984,37.79700046,0
1/12/2021,1395779,5394,36928.301,142.71,75,31593,329,835.86,8.704,37.79700019,0
1/13/2021,1404905,9126,37169.749,241.448,75,32074,481,848.586,12.726,37.79699992,0
1/14/2021,1414362,9457,37419.954,250.205,75,32456,382,858.692,10.107,37.79699996,0
1/15/2021,1422320,7958,37630.5,210.546,75,32844,388,868.958,10.265,37.79699977,0
1/16/2021,1429612,7292,37823.425,192.925,75,33213,369,878.721,9.763,37.79700014,0
1/17/2021,1435582,5970,37981.374,157.949,75,33355,142,882.477,3.757,37.79700018,0
1/18/2021,1438914,3332,38069.529,88.155,71.3,33407,52,883.853,1.376,37.79700033,0
1/19/2021,1443804,4890,38198.905,129.375,71.3,33698,291,891.552,7.699,37.79699968,0
1/20/2021,1450747,6943,38382.597,183.692,71.3,34141,443,903.273,11.721,37.79699951,0
1/21/2021,1457755,7008,38568.008,185.412,71.3,34561,420,914.385,11.112,37.79700004,0
1/22/2021,1464448,6693,38745.086,177.078,71.3,34908,347,923.565,9.181,37.7969996,0
1/23/2021,1470879,6431,38915.231,170.146,71.3,35253,345,932.693,9.128,37.79700036,0
1/24/2021,1475445,4566,39036.035,120.803,71.3,35363,110,935.603,2.91,37.79699962,0
1/25/2021,1478119,2674,39106.781,70.746,71.3,35401,38,936.609,1.005,37.79699996,0
1/26/2021,1482722,4603,39228.563,121.782,71.3,35665,264,943.593,6.985,37.79700011,0
1/27/2021,1489512,6790,39408.207,179.644,71.3,36054,389,953.885,10.292,37.797,0
1/28/2021,1496665,7153,39597.455,189.248,71.3,36443,389,964.177,10.292,37.79699983,0
1/29/2021,1502810,6145,39760.034,162.579,71.3,36780,337,973.093,8.916,37.79699987,0
1/30/2021,1508674,5864,39915.178,155.145,71.3,37082,302,981.083,7.99,37.79700043,0
1/31/2021,1513385,4711,40039.818,124.64,71.3,37180,98,983.676,2.593,37.79699998,0
2/1/2021,1515889,2504,40106.067,66.249,71.3,37222,42,984.787,1.111,37.79699964,0
2/2/2021,1520215,4326,40220.52,114.454,71.3,37476,254,991.507,6.72,37.79700014,0
2/3/2021,1527016,6801,40400.455,179.935,71.3,37897,421,1002.646,11.138,37.79700006,0
2/4/2021,1533511,6495,40572.294,171.839,71.3,38344,447,1014.472,11.826,37.79700009,0
2/5/2021,1539564,6053,40732.439,160.145,71.3,38712,368,1024.208,9.736,37.79700008,0
2/6/2021,1545530,5966,40890.282,157.843,71.3,38994,282,1031.669,7.461,37.79700028,0
2/7/2021,1550255,4725,41015.292,125.01,71.3,39087,93,1034.13,2.461,37.7970002,0
2/8/2021,1552686,2431,41079.609,64.317,71.3,39132,45,1035.32,1.191,37.79700045,0
2/9/2021,1556685,3999,41185.412,105.802,71.3,39360,228,1041.352,6.032,37.79699958,0
2/10/2021,1563645,6960,41369.553,184.142,71.3,39721,361,1050.904,9.551,37.79700013,0
2/11/2021,1570658,7013,41555.097,185.544,71.3,40177,456,1062.968,12.064,37.79699997,0
2/12/2021,1577036,6378,41723.841,168.744,71.3,40424,247,1069.503,6.535,37.79699956,0
2/13/2021,1583621,6585,41898.061,174.22,71.3,40709,285,1077.043,7.54,37.79699972,0
2/14/2021,1588955,5334,42039.183,141.122,71.3,40807,98,1079.636,2.593,37.797,0
2/15/2021,1591497,2542,42106.437,67.254,71.3,40832,25,1080.297,0.661,37.79700002,0
2/16/2021,1596673,5176,42243.379,136.942,71.3,41028,196,1085.483,5.186,37.79700009,0
2/17/2021,1605372,8699,42473.53,230.151,71.3,41308,280,1092.891,7.408,37.79699968,0
2/18/2021,1614446,9074,42713.602,240.072,71.3,41582,274,1100.14,7.249,37.79699965,0
2/19/2021,1623218,8772,42945.684,232.082,71.3,41823,241,1106.516,6.376,37.79699958,0
2/20/2021,1631727,8509,43170.807,225.124,71.3,42077,254,1113.237,6.72,37.79700018,0
2/21/2021,1638767,7040,43357.065,186.258,71.3,42171,94,1115.723,2.487,37.79700033,0
2/22/2021,1642658,3891,43460.01,102.945,71.3,42188,17,1116.173,0.45,37.79700005,0
2/23/2021,1648962,6304,43626.796,166.786,71.3,42436,248,1122.735,6.561,37.79699981,0
2/24/2021,1661109,12147,43948.17,321.375,71.3,42808,372,1132.577,9.842,37.79700042,0
2/25/2021,1673252,12143,44269.439,321.269,71.3,43094,286,1140.143,7.567,37.79700032,0
2/26/2021,1684788,11536,44574.649,305.209,71.3,43353,259,1146.996,6.852,37.79699981,0
2/27/2021,1696885,12097,44894.701,320.052,73.15,43656,303,1155.012,8.017,37.79699969,0
2/28/2021,1706986,10101,45161.944,267.243,73.15,43769,113,1158.002,2.99,37.79700006,0
3/1/2021,1711772,4786,45288.568,126.624,73.15,43793,24,1158.637,0.635,37.7969999,0
3/2/2021,1719708,7936,45498.532,209.964,73.15,44008,215,1164.325,5.688,37.79699969,0
3/3/2021,1735406,15698,45913.856,415.324,73.15,44360,352,1173.638,9.313,37.79699967,0
3/4/2021,1750659,15253,46317.406,403.551,73.15,44649,289,1181.284,7.646,37.79700012,0
3/5/2021,1766490,15831,46736.249,418.843,70.37,44912,263,1188.242,6.958,37.79699993,0
3/6/2021,1781345,14855,47129.27,393.021,70.37,45159,247,1194.777,6.535,37.79699961,0
3/7/2021,1794914,13569,47488.266,358.997,70.37,45285,126,1198.111,3.334,37.79700021,0
3/8/2021,1801083,6169,47651.48,163.214,70.37,45317,32,1198.958,0.847,37.79700022,0
3/9/2021,1811036,9953,47914.808,263.328,70.37,45599,282,1206.418,7.461,37.79700004,0
3/10/2021,1828313,17277,48371.908,457.1,70.37,45997,398,1216.948,10.53,37.79699986,0
3/11/2021,1849424,21111,48930.444,558.536,70.37,46373,376,1226.896,9.948,37.79700017,0
3/12/2021,1868297,18873,49429.77,499.325,70.37,46724,351,1236.183,9.286,37.79699966,0
3/13/2021,1889360,21063,49987.036,557.266,70.37,47068,344,1245.284,9.101,37.79700001,0
3/14/2021,1906632,17272,50444.003,456.967,70.37,47178,110,1248.194,2.91,37.79700037,0
3/15/2021,1917527,10895,50732.254,288.25,70.37,47206,28,1248.935,0.741,37.79699991,0
3/16/2021,1931921,14394,51113.078,380.824,70.37,47578,372,1258.777,9.842,37.79699982,0
3/17/2021,1956974,25053,51775.908,662.83,70.37,48032,454,1270.789,12.012,37.7970001,0
3/18/2021,1984248,27274,52497.5,721.592,70.37,48388,356,1280.207,9.419,37.79699986,0
3/19/2021,2010244,25996,53185.279,687.779,70.37,48807,419,1291.293,11.086,37.79700018,0
3/20/2021,2036700,26456,53885.229,699.95,72.22,49159,352,1300.606,9.313,37.79699999,0
3/21/2021,2058550,21850,54463.317,578.088,72.22,49300,141,1304.336,3.73,37.79700013,0
3/22/2021,2073129,14579,54849.036,385.718,72.22,49365,65,1306.056,1.72,37.79699975,0
3/23/2021,2089869,16740,55291.928,442.892,72.22,49761,396,1316.533,10.477,37.79699995,0
3/24/2021,2120671,30802,56106.86,814.932,72.22,50340,579,1331.852,15.319,37.79700022,0
3/25/2021,2154821,34150,57010.371,903.511,72.22,50860,520,1345.609,13.758,37.79700013,0
3/26/2021,2189966,35145,57940.207,929.836,72.22,51305,445,1357.383,11.773,37.79699993,0
3/27/2021,2221725,31759,58780.459,840.252,75.93,51753,448,1369.236,11.853,37.79699985,0
3/28/2021,2250991,29266,59554.753,774.294,75.93,51884,131,1372.702,3.466,37.79700001,0
3/29/2021,2267964,16973,60003.81,449.057,75.93,51932,48,1373.971,1.27,37.79699989,0
3/30/2021,2288826,20862,60555.758,551.949,75.93,52392,460,1386.142,12.17,37.79700025,0
3/31/2021,2321717,32891,61425.96,870.201,75.93,53045,653,1403.418,17.277,37.79699984,0
4/1/2021,2356970,35253,62358.653,932.693,75.93,53665,620,1419.822,16.403,37.79699988,0
4/2/2021,2387511,30541,63166.68,808.027,75.93,54165,500,1433.05,13.229,37.79699994,0
4/3/2021,2415584,28073,63909.411,742.731,75.93,54737,572,1448.184,15.133,37.79699988,0
4/4/2021,2438542,22958,64516.814,607.403,75.93,54941,204,1453.581,5.397,37.79699971,0
4/5/2021,2448463,9921,64779.295,262.481,75.93,55005,64,1455.274,1.693,37.7969998,0
4/6/2021,2456709,8246,64997.46,218.165,75.93,55065,60,1456.862,1.587,37.79700007,0
4/7/2021,2471617,14908,65391.883,394.423,75.93,55703,638,1473.741,16.88,37.79699997,0
4/8/2021,2499507,27890,66129.772,737.889,75.93,56659,956,1499.034,25.293,37.79700012,0
4/9/2021,2528006,28499,66883.774,754.002,75.93,57427,768,1519.353,20.319,37.79699991,0
4/10/2021,2552898,24892,67542.345,658.571,75.93,58176,749,1539.17,19.816,37.79699979,0
4/11/2021,2574631,21733,68117.337,574.993,75.93,58421,245,1545.652,6.482,37.7970002,0
4/12/2021,2586647,12016,68435.246,317.909,75.93,58481,60,1547.239,1.587,37.7970001,0
4/13/2021,2599850,13203,68784.56,349.313,75.93,59126,645,1564.304,17.065,37.79699979,0
4/14/2021,2621116,21266,69347.197,562.637,75.93,59930,804,1585.576,21.272,37.79699993,0
4/15/2021,2642242,21126,69906.13,558.933,75.93,60612,682,1603.619,18.044,37.79700006,0
4/16/2021,2660088,17846,70378.284,472.154,75.93,61208,596,1619.388,15.768,37.797,0
4/17/2021,2675874,15786,70795.936,417.652,75.93,61825,617,1635.712,16.324,37.7970001,0
4/18/2021,2688025,12151,71117.417,321.481,75.93,62032,207,1641.188,5.477,37.79699985,0
4/19/2021,2695327,7302,71310.607,193.19,72.22,62133,101,1643.861,2.672,37.79699982,0
4/20/2021,2704571,9244,71555.176,244.57,72.22,62734,601,1659.761,15.901,37.79700018,0
4/21/2021,2718493,13922,71923.512,368.336,72.22,63473,739,1679.313,19.552,37.79700024,0
4/22/2021,2731256,12763,72261.185,337.672,72.22,64168,695,1697.701,18.388,37.79699987,0
4/23/2021,2742122,10866,72548.668,287.483,72.22,64707,539,1711.961,14.26,37.79699994,0
4/24/2021,2751632,9510,72800.275,251.607,72.22,65222,515,1725.587,13.625,37.79700008,0
4/25/2021,2758856,7224,72991.401,191.126,72.22,65415,193,1730.693,5.106,37.79700022,0
4/26/2021,2762323,3467,73083.128,91.727,70.37,65437,22,1731.275,0.582,37.79700015,0
4/27/2021,2768034,5711,73234.225,151.097,70.37,65897,460,1743.445,12.17,37.79699997,0
4/28/2021,2776927,8893,73469.508,235.283,70.37,66533,636,1760.272,16.827,37.79700008,0
4/29/2021,2785353,8426,73692.436,222.928,70.37,67073,540,1774.559,14.287,37.79699995,0
4/30/2021,2792142,6789,73872.053,179.617,70.37,67502,429,1785.909,11.35,37.79700017,0
5/1/2021,2798617,6475,74043.363,171.31,70.37,67924,422,1797.074,11.165,37.79700012,0
5/2/2021,2803233,4616,74165.489,122.126,70.37,68068,144,1800.884,3.81,37.79700017,0
5/3/2021,2805756,2523,74232.241,66.751,70.37,68105,37,1801.863,0.979,37.79699982,0
5/4/2021,2808052,2296,74292.986,60.746,68.52,68133,28,1802.603,0.741,37.79700011,0
5/5/2021,2811951,3899,74396.143,103.156,68.52,68482,349,1811.837,9.234,37.79699977,0
5/6/2021,2818378,6427,74566.183,170.04,68.52,68993,511,1825.357,13.52,37.79699975,0
5/7/2021,2824425,6047,74726.169,159.986,68.52,69445,452,1837.315,11.959,37.79699987,0
5/8/2021,2829196,4771,74852.396,126.227,65.74,69866,421,1848.454,11.138,37.79699984,0
5/9/2021,2833052,3856,74954.414,102.019,65.74,70012,146,1852.316,3.863,37.79700019,0
5/10/2021,2835083,2031,75008.149,53.734,65.74,70034,22,1852.898,0.582,37.7969999,0
5/11/2021,2838180,3097,75090.087,81.938,65.74,70336,302,1860.888,7.99,37.79699976,0
5/12/2021,2842339,4159,75200.122,110.035,65.74,70679,343,1869.963,9.075,37.79699985,0
5/13/2021,2845762,3423,75290.684,90.563,65.74,71021,342,1879.012,9.048,37.79700022,0
5/14/2021,2849014,3252,75376.723,86.039,65.74,71311,290,1886.684,7.673,37.79700001,0
5/15/2021,2851911,2897,75453.369,76.646,62.04,71609,298,1894.568,7.884,37.79700016,0
5/16/2021,2854079,2168,75510.728,57.359,62.04,71664,55,1896.023,1.455,37.79700018,0
5/17/2021,2855190,1111,75540.122,29.394,62.04,71675,11,1896.315,0.291,37.79700012,0
5/18/2021,2856924,1734,75585.999,45.877,62.04,71920,245,1902.797,6.482,37.79699994,0
5/19/2021,2859261,2337,75647.829,61.83,62.04,72250,330,1911.527,8.731,37.7970001,0
5/20/2021,2861351,2090,75703.125,55.295,62.04,72500,250,1918.142,6.614,37.79699979,0
5/21/2021,2863031,1680,75747.573,44.448,62.04,72691,191,1923.195,5.053,37.79699978,0
5/22/2021,2864546,1515,75787.655,40.083,62.04,72882,191,1928.248,5.053,37.79700005,0
5/23/2021,2865622,1076,75816.123,28.468,62.04,72928,46,1929.465,1.217,37.79699999,0
5/24/2021,2866181,559,75830.913,14.79,62.04,72945,17,1929.915,0.45,37.79699975,0
5/25/2021,2867187,1006,75857.528,26.616,62.04,73096,151,1933.91,3.995,37.79700019,0
5/26/2021,2868450,1263,75890.944,33.415,62.04,73305,209,1939.44,5.53,37.79699986,0
5/27/2021,2869652,1202,75922.745,31.801,62.04,73440,135,1943.011,3.572,37.7970001,0
5/28/2021,2870595,943,75947.694,24.949,56.48,73557,117,1946.107,3.095,37.79700013,0
5/29/2021,2871371,776,75968.225,20.531,56.48,73682,125,1949.414,3.307,37.797,0
5/30/2021,2871950,579,75983.544,15.319,56.48,73738,56,1950.896,1.482,37.79699983,0
5/31/2021,2872283,333,75992.354,8.81,56.48,73745,7,1951.081,0.185,37.79699995,0
6/1/2021,2872868,585,76007.831,15.477,56.48,73856,111,1954.018,2.937,37.79700015,0
6/2/2021,2873527,659,76025.267,17.435,56.48,73984,128,1957.404,3.387,37.79699978,0
6/3/2021,2874092,565,76040.215,14.948,56.48,74075,91,1959.812,2.408,37.79699992,0
6/4/2021,2874411,319,76048.655,8.44,56.48,74101,26,1960.5,0.688,37.79699983,0
6/5/2021,2874824,413,76059.581,10.927,56.48,74139,38,1961.505,1.005,37.79700022,0
6/6/2021,2875136,312,76067.836,8.255,53.7,74152,13,1961.849,0.344,37.79700004,0
6/7/2021,2875328,192,76072.916,5.08,53.7,74160,8,1962.06,0.212,37.79699992,0
6/8/2021,2875729,401,76083.525,10.609,53.7,74255,95,1964.574,2.513,37.79700007,0
6/9/2021,2876289,560,76098.341,14.816,53.7,74363,108,1967.431,2.857,37.79700007,0
6/10/2021,2876667,378,76108.342,10.001,53.7,74447,84,1969.654,2.222,37.79699997,0
6/11/2021,2877007,340,76117.337,8.995,53.7,74515,68,1971.453,1.799,37.79700018,0
6/12/2021,2877243,236,76123.581,6.244,53.7,74562,47,1972.696,1.243,37.79700012,0
6/13/2021,2877469,226,76129.561,5.979,53.7,74573,11,1972.987,0.291,37.79699978,0
6/14/2021,2877608,139,76133.238,3.678,53.7,74574,1,1973.014,0.026,37.79700004,0
6/15/2021,2877819,211,76138.821,5.582,53.7,74626,52,1974.39,1.376,37.79699977,0
6/16/2021,2878061,242,76145.223,6.403,53.7,74688,62,1976.03,1.64,37.79700008,0
6/17/2021,2878276,215,76150.911,5.688,53.7,74734,46,1977.247,1.217,37.79700022,0
6/18/2021,2878466,190,76155.938,5.027,53.7,74782,48,1978.517,1.27,37.79700015,0
6/19/2021,2878634,168,76160.383,4.445,53.7,74823,41,1979.602,1.085,37.79700005,0
6/20/2021,2878767,133,76163.902,3.519,53.7,74828,5,1979.734,0.132,37.79699995,0
6/21/2021,2878840,73,76165.833,1.931,53.7,74829,1,1979.76,0.026,37.79700013,0
6/22/2021,2879030,190,76170.86,5.027,53.7,74858,29,1980.528,0.767,37.79700006,0
6/23/2021,2879192,162,76175.146,4.286,53.7,74893,35,1981.454,0.926,37.79700009,0
6/24/2021,2879336,144,76178.956,3.81,53.7,74917,24,1982.089,0.635,37.797,0
6/25/2021,2879470,134,76182.501,3.545,53.7,74953,36,1983.041,0.952,37.79700013,0
6/26/2021,2879569,99,76185.121,2.619,44.44,74974,21,1983.597,0.556,37.79699976,0
6/27/2021,2879638,69,76186.946,1.826,44.44,74979,5,1983.729,0.132,37.79700003,0
6/28/2021,2879689,51,76188.295,1.349,44.44,74979,0,1983.729,0,37.79700018,0
6/29/2021,2879811,122,76191.523,3.228,44.44,75005,26,1984.417,0.688,37.79700007,0
6/30/2021,2879912,101,76194.195,2.672,44.44,75021,16,1984.84,0.423,37.79700015,0
7/1/2021,2880010,98,76196.788,2.593,44.44,75044,23,1985.449,0.609,37.79700005,0
7/2/2021,2880107,97,76199.354,2.566,44.44,75065,21,1986.004,0.556,37.79700022,0
7/3/2021,2880215,108,76202.212,2.857,44.44,75083,18,1986.48,0.476,37.79699991,0
7/4/2021,2880270,55,76203.667,1.455,44.44,75084,1,1986.507,0.026,37.79699998,0
7/5/2021,2880308,38,76204.672,1.005,44.44,75085,1,1986.533,0.026,37.79700016,0
7/6/2021,2880403,95,76207.186,2.513,44.44,75095,10,1986.798,0.265,37.79699988,0
7/7/2021,2880503,100,76209.831,2.646,44.44,75114,19,1987.301,0.503,37.79700023,0
7/8/2021,2880596,93,76212.292,2.461,44.44,75135,21,1987.856,0.556,37.79699999,0
7/9/2021,2880670,74,76214.25,1.958,44.44,75152,17,1988.306,0.45,37.7969999,0
7/10/2021,2880755,85,76216.499,2.249,44.44,75159,7,1988.491,0.185,37.79699983,0
7/11/2021,2880821,66,76218.245,1.746,44.44,75160,1,1988.518,0.026,37.79699992,0
7/12/2021,2880865,44,76219.409,1.164,44.44,75160,0,1988.518,0,37.79699997,0
7/13/2021,2880959,94,76221.896,2.487,44.44,75173,13,1988.862,0.344,37.79699996,0
7/14/2021,2881046,87,76224.198,2.302,44.44,75179,6,1989.02,0.159,37.79699985,0
7/15/2021,2881151,105,76226.976,2.778,44.44,75191,12,1989.338,0.317,37.79699984,0
7/16/2021,2881241,90,76229.357,2.381,44.44,75205,14,1989.708,0.37,37.79699991,0
7/17/2021,2881355,114,76232.373,3.016,44.44,75212,7,1989.893,0.185,37.79699997,0
7/18/2021,2881424,69,76234.198,1.826,44.44,75215,3,1989.973,0.079,37.79700024,0
7/19/2021,2881491,67,76235.971,1.773,44.44,75215,0,1989.973,0,37.79700005,0
7/20/2021,2881594,103,76238.696,2.725,44.44,75219,4,1990.079,0.106,37.7970001,0
7/21/2021,2881718,124,76241.977,3.281,44.44,75222,3,1990.158,0.079,37.79699994,0
7/22/2021,2881840,122,76245.205,3.228,44.44,75231,9,1990.396,0.238,37.79699982,0
7/23/2021,2881948,108,76248.062,2.857,44.44,75235,4,1990.502,0.106,37.79700001,0
7/24/2021,2882066,118,76251.184,3.122,44.44,75241,6,1990.661,0.159,37.79699998,0
7/25/2021,2882146,80,76253.301,2.117,44.44,75242,1,1990.687,0.026,37.79699977,0
7/26/2021,2882220,74,76255.258,1.958,44.44,75242,0,1990.687,0,37.79700018,0
7/27/2021,2882327,107,76258.089,2.831,38.89,75249,7,1990.872,0.185,37.79700013,0
7/28/2021,2882465,138,76261.74,3.651,38.89,75252,3,1990.952,0.079,37.79700017,0
7/29/2021,2882630,165,76266.106,4.365,38.89,75257,5,1991.084,0.132,37.79699989,0
7/30/2021,2882786,156,76270.233,4.127,38.89,75259,2,1991.137,0.053,37.79700004,0
7/31/2021,2882939,153,76274.281,4.048,38.89,75261,2,1991.19,0.053,37.79700001,0
8/1/2021,2883029,90,76276.662,2.381,38.89,75261,0,1991.19,0,37.79700008,0
8/2/2021,2883120,91,76279.07,2.408,38.89,75261,0,1991.19,0,37.79699988,0
8/3/2021,2883284,164,76283.409,4.339,38.89,75265,4,1991.296,0.106,37.79699987,0
8/4/2021,2883448,164,76287.748,4.339,38.89,75269,4,1991.401,0.106,37.79699985,0
8/5/2021,2883624,176,76292.404,4.656,38.89,75275,6,1991.56,0.159,37.79700008,0
8/6/2021,2883796,172,76296.955,4.551,38.89,75281,6,1991.719,0.159,37.79699989,0
8/7/2021,2883976,180,76301.717,4.762,38.89,75285,4,1991.825,0.106,37.79700003,0
8/8/2021,2884098,122,76304.945,3.228,38.89,75285,0,1991.825,0,37.79699992,0
8/9/2021,2884162,64,76306.638,1.693,38.89,75285,0,1991.825,0,37.79700005,0
8/10/2021,2884361,199,76311.903,5.265,38.89,75285,0,1991.825,0,37.79700003,0
8/11/2021,2884557,196,76317.089,5.186,38.89,75289,4,1991.931,0.106,37.79699983,0
8/12/2021,2884780,223,76322.989,5.9,38.89,75291,2,1991.983,0.053,37.7969998,0
8/13/2021,2884974,194,76328.121,5.133,38.89,75297,6,1992.142,0.159,37.79700014,0
8/14/2021,2885185,211,76333.704,5.582,38.89,75299,2,1992.195,0.053,37.79699987,0
8/15/2021,2885333,148,76337.619,3.916,38.89,75299,0,1992.195,0,37.79700019,0
8/16/2021,2885461,128,76341.006,3.387,38.89,75299,0,1992.195,0,37.79699995,0
8/17/2021,2885676,215,76346.694,5.688,38.89,75306,7,1992.38,0.185,37.79700009,0
8/18/2021,2885883,207,76352.171,5.477,38.89,75307,1,1992.407,0.026,37.7969999,0
8/19/2021,2886079,196,76357.356,5.186,38.89,75311,4,1992.513,0.106,37.7970002,0
8/20/2021,2886291,212,76362.965,5.609,38.89,75315,4,1992.618,0.106,37.79700016,0
8/21/2021,2886513,222,76368.839,5.873,38.89,75316,1,1992.645,0.026,37.7969999,0
8/22/2021,2886698,185,76373.733,4.895,38.89,75316,0,1992.645,0,37.79700018,0
8/23/2021,2886805,107,76376.564,2.831,38.89,75316,0,1992.645,0,37.79700014,0
8/24/2021,2887037,232,76382.702,6.138,38.89,75324,8,1992.857,0.212,37.79700016,0
8/25/2021,2887270,233,76388.867,6.165,38.89,75329,5,1992.989,0.132,37.79699992,0
8/26/2021,2887485,215,76394.555,5.688,38.89,75332,3,1993.068,0.079,37.79700006,0
8/27/2021,2887739,254,76401.275,6.72,38.89,75335,3,1993.148,0.079,37.79700012,0
8/28/2021,2888028,289,76408.921,7.646,38.89,75340,5,1993.28,0.132,37.79700017,0
8/29/2021,2888231,203,76414.292,5.371,38.89,75340,0,1993.28,0,37.79700007,0
8/30/2021,2888385,154,76418.367,4.074,38.89,75340,0,1993.28,0,37.79699977,0
8/31/2021,2888670,285,76425.907,7.54,38.89,75345,5,1993.412,0.132,37.79699991,0
9/1/2021,2889036,366,76435.59,9.683,38.89,75358,13,1993.756,0.344,37.79700006,0
9/2/2021,2889412,376,76445.538,9.948,38.89,75367,9,1993.994,0.238,37.797,0
9/3/2021,2889773,361,76455.089,9.551,38.89,75372,5,1994.127,0.132,37.79700001,0
9/4/2021,2890161,388,76465.354,10.265,38.89,75379,7,1994.312,0.185,37.79700019,0
9/5/2021,2890484,323,76473.9,8.546,38.89,75379,0,1994.312,0,37.79700002,0
9/6/2021,2890666,182,76478.715,4.815,38.89,75379,0,1994.312,0,37.79700012,0
9/7/2021,2891071,405,76489.43,10.715,38.89,75392,13,1994.656,0.344,37.79700019,0
9/8/2021,2891602,531,76503.479,14.049,38.89,75403,11,1994.947,0.291,37.79700006,0
9/9/2021,2892113,511,76516.999,13.52,38.89,75409,6,1995.105,0.159,37.79699985,0
9/10/2021,2892642,529,76530.995,13.996,38.89,75417,8,1995.317,0.212,37.79699976,0
9/11/2021,2893173,531,76545.043,14.049,38.89,75425,8,1995.529,0.212,37.79700013,0
9/12/2021,2893649,476,76557.637,12.594,38.89,75425,0,1995.529,0,37.79699993,0
9/13/2021,2893919,270,76564.78,7.143,38.89,75425,0,1995.529,0,37.79700014,0
9/14/2021,2894455,536,76578.961,14.181,38.89,75433,8,1995.74,0.212,37.79700014,0
9/15/2021,2895223,768,76599.28,20.319,38.89,75454,21,1996.296,0.556,37.79700018,0
9/16/2021,2895947,724,76618.435,19.155,38.89,75464,10,1996.561,0.265,37.79700016,0
9/17/2021,2896599,652,76635.685,17.25,38.89,75473,9,1996.799,0.238,37.79700018,0
9/18/2021,2897395,796,76656.745,21.06,38.89,75487,14,1997.169,0.37,37.79700012,0
9/19/2021,2897935,540,76671.032,14.287,38.89,75488,1,1997.196,0.026,37.79700005,0
9/20/2021,2898299,364,76680.662,9.63,38.89,75488,0,1997.196,0,37.79700024,0
9/21/2021,2899008,709,76699.421,18.758,38.89,75503,15,1997.592,0.397,37.7969998,0
9/22/2021,2899888,880,76722.703,23.282,38.89,75523,20,1998.122,0.529,37.79699993,0
9/23/2021,2900862,974,76748.472,25.769,38.89,75537,14,1998.492,0.37,37.79700005,0
9/24/2021,2901674,812,76769.955,21.483,38.89,75551,14,1998.862,0.37,37.79700014,0
9/25/2021,2902591,917,76794.216,24.261,38.89,75571,20,1999.391,0.529,37.79700023,0
9/26/2021,2903234,643,76811.228,17.012,38.89,75572,1,1999.418,0.026,37.7970002,0
9/27/2021,2903655,421,76822.367,11.138,38.89,75572,0,1999.418,0,37.79699993,0
9/28/2021,2904631,976,76848.189,25.822,38.89,75601,29,2000.185,0.767,37.797,0
9/29/2021,2905866,1235,76880.864,32.675,38.89,75623,22,2000.767,0.582,37.79699978,0
9/30/2021,2907071,1205,76912.744,31.881,38.89,75650,27,2001.482,0.714,37.7970002,0
10/1/2021,2908432,1361,76948.753,36.008,38.89,75666,16,2001.905,0.423,37.79699978,0
10/2/2021,2909776,1344,76984.311,35.558,38.89,75689,23,2002.513,0.609,37.79699996,0
10/3/2021,2910866,1090,77013.149,28.838,38.89,75695,6,2002.672,0.159,37.79700009,0
10/4/2021,2911549,683,77031.219,18.07,38.89,75695,0,2002.672,0,37.7970002,0
10/5/2021,2912876,1327,77066.328,35.109,38.89,75741,46,2003.889,1.217,37.79700001,0
10/6/2021,2914962,2086,77121.518,55.19,38.89,75774,33,2004.762,0.873,37.79699979,0
10/7/2021,2916969,2007,77174.617,53.099,38.89,75803,29,2005.53,0.767,37.79700002,0
10/8/2021,2918863,1894,77224.727,50.11,38.89,75834,31,2006.35,0.82,37.79699992,0
10/9/2021,2920874,2011,77277.932,53.205,38.89,75864,30,2007.143,0.794,37.79700005,0
10/10/2021,2922401,1527,77318.332,40.4,38.89,75869,5,2007.276,0.132,37.79700007,0
10/11/2021,2923304,903,77342.223,23.891,38.89,75869,0,2007.276,0,37.79699996,0
10/12/2021,2925425,2121,77398.338,56.116,38.89,75918,49,2008.572,1.296,37.79700024,0
10/13/2021,2928065,2640,77468.185,69.847,38.89,75958,40,2009.63,1.058,37.79700015,0
10/14/2021,2931064,2999,77547.53,79.345,38.89,76018,60,2011.218,1.587,37.79700011,0
10/15/2021,2933834,2770,77620.816,73.286,38.89,76067,49,2012.514,1.296,37.79700023,0
10/16/2021,2937069,3235,77706.405,85.589,38.89,76111,44,2013.678,1.164,37.79700013,0
10/17/2021,2939590,2521,77773.104,66.698,38.89,76112,1,2013.705,0.026,37.79699985,0
10/18/2021,2941126,1536,77813.742,40.638,38.89,76115,3,2013.784,0.079,37.79699992,0
10/19/2021,2945056,3930,77917.718,103.977,38.89,76179,64,2015.477,1.693,37.79700016,0
10/20/2021,2950616,5560,78064.82,147.102,38.89,76254,75,2017.462,1.984,37.79699998,0
10/21/2021,2956207,5591,78212.742,147.922,38.89,76300,46,2018.679,1.217,37.79699988,0
10/22/2021,2961923,5716,78363.971,151.229,38.89,76359,59,2020.24,1.561,37.79699985,0
10/23/2021,2968200,6277,78530.042,166.071,38.89,76434,75,2022.224,1.984,37.79700003,0
10/24/2021,2972927,4727,78655.105,125.063,38.89,76447,13,2022.568,0.344,37.79699995,0
10/25/2021,2975880,2953,78733.233,78.128,38.89,76447,0,2022.568,0,37.7969999,0
10/26/2021,2982143,6263,78898.934,165.701,38.89,76540,93,2025.028,2.461,37.79699989,0
10/27/2021,2990509,8366,79120.274,221.34,38.89,76672,132,2028.521,3.492,37.79700005,0
10/28/2021,2998891,8382,79342.038,221.764,38.89,76773,101,2031.193,2.672,37.79699987,0
10/29/2021,3008294,9403,79590.814,248.776,38.89,76875,102,2033.892,2.699,37.79700004,0
10/30/2021,3018100,9806,79850.253,259.439,41.67,76990,115,2036.934,3.043,37.79699984,0
10/31/2021,3025247,7147,80039.342,189.089,41.67,76999,9,2037.172,0.238,37.79699988,0
11/1/2021,3030151,4904,80169.087,129.746,41.67,77012,13,2037.516,0.344,37.79700023,0
11/2/2021,3034668,4517,80288.594,119.507,41.67,77021,9,2037.754,0.238,37.79700016,0
11/3/2021,3045102,10434,80564.648,276.054,41.67,77145,124,2041.035,3.281,37.79699999,0
11/4/2021,3060613,15511,80975.024,410.376,41.67,77395,250,2047.649,6.614,37.79700022,0
11/5/2021,3076518,15905,81395.825,420.801,41.67,77547,152,2051.671,4.021,37.79700003,0
11/6/2021,3091713,15195,81797.841,402.016,41.67,77733,186,2056.592,4.921,37.79700005,0
11/7/2021,3104220,12507,82128.74,330.899,41.67,77757,24,2057.227,0.635,37.79700017,0
11/8/2021,3111534,7314,82322.248,193.507,41.67,77760,3,2057.306,0.079,37.79699991,0
11/9/2021,3125179,13645,82683.255,361.007,41.67,77980,220,2063.127,5.821,37.79700013,0
11/10/2021,3143725,18546,83173.929,490.674,41.67,78250,270,2070.27,7.143,37.79700007,0
11/11/2021,3162804,19079,83678.705,504.776,41.67,78524,274,2077.519,7.249,37.79699985,0
11/12/2021,3175769,12965,84021.721,343.017,41.67,78555,31,2078.34,0.82,37.79700014,0
11/13/2021,3190067,14298,84400.005,378.284,41.67,78821,266,2085.377,7.038,37.79700013,0
11/14/2021,3204515,14448,84782.258,382.253,41.67,78867,46,2086.594,1.217,37.79699993,0
11/15/2021,3214023,9508,85033.812,251.554,41.67,78879,12,2086.912,0.317,37.79700009,0
11/16/2021,3230634,16611,85473.292,439.479,41.67,79161,282,2094.373,7.461,37.79699979,0
11/17/2021,3254875,24241,86114.639,641.347,41.67,79624,463,2106.622,12.25,37.79699988,0
11/18/2021,3279787,24912,86773.739,659.1,41.67,79994,370,2116.411,9.789,37.79699985,0
11/19/2021,3303046,23259,87389.105,615.366,41.67,80399,405,2127.126,10.715,37.79699998,0
11/20/2021,3326464,23418,88008.678,619.573,41.67,80781,382,2137.233,10.107,37.79699997,0
11/21/2021,3345388,18924,88509.353,500.675,41.67,80822,41,2138.318,1.085,37.79699983,0
11/22/2021,3357763,12375,88836.76,327.407,41.67,80830,8,2138.53,0.212,37.7969998,0
11/23/2021,3377698,19935,89364.182,527.423,41.67,81228,398,2149.059,10.53,37.79700014,0
11/24/2021,3406129,28431,90116.385,752.203,41.67,81688,460,2161.23,12.17,37.79699996,0
11/25/2021,3434272,28143,90860.968,744.583,41.67,82186,498,2174.405,13.176,37.79699992,0
11/26/2021,3461066,26794,91569.86,708.892,41.67,82607,421,2185.544,11.138,37.79700002,0
11/27/2021,3487254,26188,92262.719,692.859,41.67,82986,379,2195.571,10.027,37.79700011,0
11/28/2021,3507828,20574,92807.048,544.329,41.67,83037,51,2196.92,1.349,37.79700007,0
11/29/2021,3520961,13133,93154.51,347.461,41.67,83055,18,2197.397,0.476,37.79699984,0
11/30/2021,3540061,19100,93659.841,505.331,44.44,83583,528,2211.366,13.969,37.79699989,0
12/1/2021,3569137,29076,94429.108,769.267,44.44,84153,570,2226.447,15.081,37.79700005,0
12/2/2021,3596491,27354,95152.816,723.708,44.44,84656,503,2239.754,13.308,37.79700014,0
12/3/2021,3623452,26961,95866.127,713.311,44.44,85126,470,2252.189,12.435,37.79699998,0
12/4/2021,3649027,25575,96542.768,676.641,44.44,85630,504,2265.524,13.334,37.79699998,0
12/5/2021,3671421,22394,97135.249,592.481,44.44,85675,45,2266.714,1.191,37.79699993,0
12/6/2021,3684671,13250,97485.806,350.557,44.44,85700,25,2267.376,0.661,37.7969999,0
12/7/2021,3704040,19369,97998.254,512.448,44.44,86205,505,2280.737,13.361,37.79699993,0
12/8/2021,3732589,28549,98753.578,755.324,44.44,86796,591,2296.373,15.636,37.79700012,0
12/9/2021,3760048,27459,99480.065,726.486,44.44,87357,561,2311.215,14.842,37.79699983,0
12/10/2021,3785036,24988,100141.175,661.111,44.44,87928,571,2326.322,15.107,37.79700009,0
12/11/2021,3808798,23762,100769.849,628.674,44.44,88414,486,2339.18,12.858,37.79700017,0
12/12/2021,3828248,19450,101284.441,514.591,44.44,88479,65,2340.9,1.72,37.79699984,0
12/13/2021,3839625,11377,101585.443,301.003,44.44,88508,29,2341.667,0.767,37.79700011,0
12/14/2021,3857085,17460,102047.385,461.941,44.44,89045,537,2355.875,14.207,37.79699989,0
12/15/2021,3881349,24264,102689.34,641.956,48.15,89714,669,2373.575,17.7,37.79700016,0
12/16/2021,3903445,22096,103273.937,584.597,48.15,90306,592,2389.237,15.663,37.79700003,0
12/17/2021,3923472,20027,103803.794,529.857,48.15,90872,566,2404.212,14.975,37.79699998,0
12/18/2021,3942864,19392,104316.851,513.057,39.81,91415,543,2418.578,14.366,37.79699983,0
12/19/2021,3958840,15976,104739.53,422.679,39.81,91485,70,2420.43,1.852,37.79699985,0
12/20/2021,3968450,9610,104993.783,254.253,43.52,91514,29,2421.197,0.767,37.79699985,0
12/21/2021,3982257,13807,105359.076,365.294,43.52,92052,538,2435.431,14.234,37.79700004,0
12/22/2021,4000270,18013,105835.648,476.572,43.52,92829,777,2455.989,20.557,37.79700012,0
12/23/2021,4017420,17150,106289.388,453.74,43.52,93445,616,2472.286,16.298,37.79700002,0
12/24/2021,4032796,15376,106696.193,406.805,43.52,94041,596,2488.055,15.768,37.79699994,0
12/25/2021,4043585,10789,106981.639,285.446,43.52,94311,270,2495.198,7.143,37.79699991,0
12/26/2021,4049838,6253,107147.075,165.436,43.52,94327,16,2495.621,0.423,37.79700006,0
12/27/2021,4054865,5027,107280.075,133,43.52,94365,38,2496.627,1.005,37.79700005,0
12/28/2021,4064715,9850,107540.678,260.603,43.52,94914,549,2511.152,14.525,37.79699994,0
12/29/2021,4080282,15567,107952.536,411.858,43.52,95707,793,2532.132,20.981,37.79699997,0
12/30/2021,4094608,14326,108331.561,379.025,39.81,96415,708,2550.864,18.732,37.7969999,0
12/31/2021,4108215,13607,108691.563,360.002,39.81,97054,639,2567.77,16.906,37.79699994,0
1/1/2022,4120248,12033,109009.921,318.359,48.15,97559,505,2581.131,13.361,37.79700015,0
1/2/2022,4127428,7180,109199.884,189.962,48.15,97592,33,2582.004,0.873,37.79699986,0
1/3/2022,4133851,6423,109369.818,169.934,48.15,97601,9,2582.242,0.238,37.7969999,0
1/4/2022,4145518,11667,109678.493,308.675,48.15,98034,433,2593.698,11.456,37.797,0
1/5/2022,4162715,17197,110133.476,454.983,48.15,98666,632,2610.419,16.721,37.79700007,0
1/6/2022,4179292,16577,110572.056,438.58,48.15,99311,645,2627.484,17.065,37.79699999,0
1/7/2022,4191193,11901,110886.922,314.866,48.15,99428,117,2630.579,3.095,37.79700008,0
1/8/2022,4202090,10897,111175.226,288.303,48.15,99720,292,2638.305,7.725,37.79699985,0
1/9/2022,4213197,11107,111469.085,293.859,48.15,99742,22,2638.887,0.582,37.79699995,0
1/10/2022,4220984,7787,111675.106,206.022,44.44,99761,19,2639.389,0.503,37.79700017,0
1/11/2022,4232386,11402,111976.771,301.664,44.44,100254,493,2652.433,13.043,37.79699988,0
1/12/2022,4248559,16173,112404.662,427.891,44.44,100938,684,2670.529,18.097,37.79699991,0
1/13/2022,4265433,16874,112851.099,446.438,44.44,101419,481,2683.255,12.726,37.7970001,0
1/14/2022,4281482,16049,113275.71,424.61,44.44,101841,422,2694.42,11.165,37.7969999,0
1/15/2022,4298375,16893,113722.65,446.94,44.44,102270,429,2705.77,11.35,37.79699998,0
1/16/2022,4313036,14661,114110.538,387.888,44.44,102305,35,2706.696,0.926,37.79699996,0
1/17/2022,4323482,10446,114386.909,276.371,44.44,102309,4,2706.802,0.106,37.797,0
1/18/2022,4343130,19648,114906.739,519.83,44.44,102686,377,2716.776,9.974,37.79699988,0
1/19/2022,4373718,30588,115716.009,809.271,44.44,103062,376,2726.724,9.948,37.79700007,0
1/20/2022,4406553,32835,116584.729,868.72,44.44,103378,316,2735.085,8.36,37.79699998,0
1/21/2022,4443217,36664,117554.753,970.024,44.44,103626,248,2741.646,6.561,37.79700001,0
1/22/2022,4484095,40878,118636.267,1081.514,44.44,103819,193,2746.752,5.106,37.79700014,0
1/23/2022,4518218,34123,119539.064,902.797,44.44,103844,25,2747.414,0.661,37.79699998,0
1/24/2022,4547315,29097,120308.887,769.823,44.44,103846,2,2747.467,0.053,37.79699998,0
1/25/2022,4584360,37045,121288.991,980.104,41.67,104097,251,2754.107,6.641,37.79700006,0
1/26/2022,4637776,53416,122702.225,1413.234,41.67,104373,276,2761.41,7.302,37.79700001,0
1/27/2022,4695435,57659,124227.716,1525.491,45.37,104636,263,2768.368,6.958,37.79700015,0
1/28/2022,4752700,57265,125742.784,1515.067,45.37,104907,271,2775.538,7.17,37.79699995,0
1/29/2022,4804390,51690,127110.353,1367.569,45.37,105138,231,2781.649,6.112,37.7969999,0
1/30/2022,4852677,48287,128387.888,1277.535,45.37,105161,23,2782.258,0.609,37.79699998,0
1/31/2022,4886154,33477,129273.593,885.705,45.37,105194,33,2783.131,0.873,37.79700004,0
2/1/2022,4925270,39116,130308.49,1034.897,45.37,105434,240,2789.481,6.35,37.79700003,0
2/2/2022,4981321,56051,131791.438,1482.948,45.37,105753,319,2797.92,8.44,37.79700014,0
2/3/2022,5035796,54475,133232.69,1441.252,45.37,106060,307,2806.043,8.122,37.79700012,0
2/4/2022,5083332,47536,134490.356,1257.666,45.37,106306,246,2812.551,6.508,37.79700011,0
2/5/2022,5129080,45748,135700.717,1210.361,45.37,106578,272,2819.748,7.196,37.797,0
2/6/2022,5163780,34700,136618.779,918.062,45.37,106597,19,2820.25,0.503,37.79700007,0
2/7/2022,5188184,24404,137264.439,645.66,45.37,106607,10,2820.515,0.265,37.79699999,0
2/8/2022,5223507,35323,138198.984,934.545,45.37,106894,287,2828.108,7.593,37.79700001,0
2/9/2022,5270363,46856,139438.659,1239.675,45.37,107204,310,2836.31,8.202,37.79700004,0
2/10/2022,5312450,42087,140552.16,1113.501,45.37,107466,262,2843.242,6.932,37.79700006,0
2/11/2022,5348224,35774,141498.637,946.477,45.37,107757,291,2850.941,7.699,37.79700012,0
2/12/2022,5379551,31327,142327.46,828.822,45.37,108089,332,2859.724,8.784,37.79699996,0
2/13/2022,5401615,22064,142911.21,583.75,45.37,108120,31,2860.544,0.82,37.79699997,0
2/14/2022,5415088,13473,143267.667,356.457,45.37,108137,17,2860.994,0.45,37.79699993,0
2/15/2022,5437343,22255,143856.47,588.803,45.37,108515,378,2870.995,10.001,37.79700002,0
2/16/2022,5466198,28855,144619.89,763.42,45.37,108887,372,2880.837,9.842,37.79700012,0
2/17/2022,5495432,29234,145393.338,773.448,45.37,109205,318,2889.25,8.413,37.79700002,0
2/18/2022,5519411,23979,146027.754,634.415,45.37,109509,304,2897.293,8.043,37.79699988,0
2/19/2022,5540302,20891,146580.469,552.716,45.37,109792,283,2904.781,7.487,37.79700009,0
2/20/2022,5553989,13687,146942.588,362.119,45.37,109817,25,2905.442,0.661,37.79700001,0
2/21/2022,5563446,9457,147192.793,250.205,41.67,109833,16,2905.866,0.423,37.79700002,0
2/22/2022,5582217,18771,147689.42,496.627,41.67,110157,324,2914.438,8.572,37.79699995,0
2/23/2022,5602680,20463,148230.812,541.392,41.67,110517,360,2923.962,9.525,37.79699999,0
2/24/2022,5620946,18266,148592.7214,482.8715042,41.67,110858,341,2930.590672,9.014517843,37.82786899,30869
2/25/2022,5637646,16700,148849.2581,440.9256292,41.67,111056,198,2932.181837,5.227740993,37.87486799,46999
2/26/2022,5651596,13950,148916.9928,367.5761767,41.67,111277,221,2932.09851,5.823249824,37.95131699,76449
2/27/2022,5660493,8897,148767.3244,233.8281992,41.67,111316,39,2925.572645,1.024985924,38.04930299,97986
2/28/2022,5667054,6561,148553.2943,171.9867437,41.67,111317,1,2918.007673,0.026213495,38.14828899,98986
3/1/2022,5680034,12980,148515.6991,339.3877174,24.07,111586,269,2917.636197,7.033535901,38.24534399,97055
3/2/2022,5694767,14733,148524.8002,384.2502918,24.07,111864,278,2917.516775,7.250497599,38.34219599,96852
3/3/2022,5708827,14060,148511.1083,365.7609843,24.07,112130,266,2916.982871,6.919802405,38.44040399,98208
3/4/2022,5721316,12489,148429.2687,324.0046761,24.07,112336,206,2914.355776,5.344300046,38.54573999,105336
3/5/2022,5734041,12725,148268.153,329.0371043,24.07,112535,199,2909.877449,5.145649019,38.67344999,127710
3/6/2022,5741739,7698,147928.341,198.3288285,24.07,112545,10,2899.573655,0.257636826,38.81432699,140877
3/7/2022,5747322,5583,147539.6934,143.3213778,24.07,112551,6,2889.300447,0.154026199,38.95441199,140085
3/8/2022,5760498,13176,147406.6578,337.1635792,24.07,112768,217,2885.645302,5.552861012,39.07895399,124542
3/9/2022,5774938,14440,147337.2192,368.4107857,24.07,113002,234,2883.044017,5.970091679,39.19537799,116424
3/10/2022,5788363,13425,147355.9264,341.7638651,24.07,113186,184,2881.406692,4.684137891,39.28150799,86130
3/11/2022,5799996,11633,147369.0566,295.5767961,24.07,113307,121,2878.958139,3.074425542,39.35694599,75438
3/12/2022,5811109,11113,147355.631,281.7987285,24.07,113434,127,2876.411137,3.220411996,39.43594799,79002
3/13/2022,5818687,7578,147244.3145,191.7644677,24.07,113443,9,2870.722686,0.227748774,39.51722699,81279
3/14/2022,5823982,5295,147114.4203,133.7522773,24.07,113444,1,2865.607809,0.025260109,39.58811099,70884
3/15/2022,5836672,12690,147189.8264,320.017794,24.07,113622,178,2865.331898,4.488823272,39.65404499,65934
3/16/2022,5851147,14475,147334.1585,364.4861332,24.07,113773,151,2864.848417,3.802238764,39.71344499,59400
3/17/2022,5863414,12267,147450.071,308.4841051,24.07,113980,207,2866.309472,5.205527819,39.76541999,51975
3/18/2022,5875072,11658,147586.3472,292.857966,24.07,114087,107,2865.953574,2.687922659,39.80769299,42273
3/19/2022,5885446,10374,147699.6537,260.3432617,24.07,114206,119,2866.084687,2.98639369,39.84739199,39699
3/20/2022,5891140,5694,147718.5017,142.7752776,24.07,114218,12,2863.980797,0.300896265,39.88085399,33462
3/21/2022,5895304,4164,147712.9082,104.3333049,24.07,114221,3,2861.924693,0.075168087,39.91055399,29700
3/22/2022,5905463,10159,147853.7574,254.3486127,24.07,114355,134,2863.08058,3.354928054,39.94124399,30690
3/23/2022,5915888,10425,148004.7107,260.8144557,24.07,114480,125,2864.080469,3.127271651,39.97094399,29700
3/24/2022,5924876,8988,148110.3511,224.6824804,24.07,114626,146,2865.426569,3.649715414,40.00311899,32175